warehouse_id,product_id,stock_on_hand,reorder_point,stockout_risk
10,389,355,155,0
6,243,362,87,0
8,332,163,191,1
1,143,445,172,0
5,421,205,89,0
6,117,178,97,0
4,217,425,123,0
7,352,29,105,1
2,331,394,104,0
2,298,245,164,0
6,83,473,180,0
12,300,450,78,0
7,307,397,50,0
5,214,231,159,0
6,202,395,172,0
9,333,337,134,0
1,267,244,179,0
8,192,326,167,0
9,394,486,193,0
9,59,321,114,0
2,133,416,139,0
10,158,436,78,0
5,112,357,183,0
2,386,143,114,0
4,284,185,120,0
6,345,450,51,0
12,192,339,183,0
4,217,130,116,0
10,25,34,169,1
7,96,128,62,0
7,123,456,132,0
4,49,352,119,0
6,28,14,73,1
5,296,135,164,1
9,350,396,159,0
8,298,265,50,0
5,237,454,163,0
11,347,192,130,0
4,400,317,138,0
2,233,416,198,0
3,158,27,102,1
11,5,32,52,1
8,32,495,163,0
1,139,115,194,1
5,408,434,112,0
6,319,402,87,0
3,106,314,66,0
8,419,422,91,0
6,107,109,170,1
12,421,46,196,1
2,52,155,118,0
7,493,124,143,1
3,298,366,141,0
8,290,223,93,0
6,75,463,140,0
8,239,58,161,1
6,352,492,94,0
12,459,284,149,0
9,303,102,186,1
3,474,110,88,0
4,277,168,79,0
11,376,366,132,0
2,448,465,114,0
12,76,285,54,0
10,98,467,112,0
1,61,465,138,0
10,437,150,64,0
9,230,467,152,0
6,392,294,79,0
12,309,398,111,0
8,473,466,83,0
3,332,313,179,0
10,221,236,69,0
8,487,374,83,0
7,463,494,55,0
4,450,371,57,0
7,370,74,99,1
4,43,287,153,0
1,311,225,156,0
10,468,295,134,0
11,70,7,118,1
10,12,423,89,0
9,140,295,197,0
8,258,459,75,0
10,377,397,172,0
3,479,45,58,1
6,27,350,53,0
7,52,173,108,0
8,113,386,146,0
10,433,212,165,0
1,282,455,61,0
4,489,479,149,0
2,153,482,186,0
5,304,105,99,0
4,155,342,83,0
7,133,116,71,0
11,106,212,77,0
1,336,5,162,1
10,296,138,84,0
2,324,211,147,0
5,138,183,92,0
11,487,256,68,0
12,337,238,191,0
9,433,226,186,0
7,400,390,64,0
10,224,73,115,1
9,186,386,181,0
11,196,386,113,0
4,119,336,161,0
3,27,443,98,0
11,412,55,183,1
11,148,416,86,0
9,217,243,190,0
4,169,103,174,1
4,353,182,118,0
8,292,216,55,0
5,2,305,191,0
7,277,179,199,1
6,75,21,193,1
11,101,495,183,0
3,162,337,131,0
3,251,369,115,0
3,157,248,146,0
5,39,239,113,0
5,196,20,64,1
5,93,1,165,1
6,419,124,71,0
2,458,316,118,0
2,324,264,103,0
5,27,45,101,1
3,275,495,65,0
1,229,228,187,0
11,234,249,163,0
10,495,399,148,0
4,215,218,197,0
9,369,445,75,0
8,451,319,175,0
4,454,452,168,0
3,344,382,174,0
7,334,163,77,0
7,6,418,85,0
3,51,315,52,0
2,61,190,181,0
11,416,63,55,0
10,63,497,137,0
2,288,267,51,0
2,420,21,110,1
11,488,175,59,0
10,377,99,125,1
9,45,433,182,0
9,25,158,185,1
5,250,233,159,0
3,56,59,158,1
6,110,119,189,1
4,2,453,71,0
5,491,178,60,0
4,481,443,198,0
1,356,69,174,1
1,235,413,170,0
1,436,180,92,0
6,134,257,53,0
9,329,434,67,0
1,350,205,163,0
6,82,303,131,0
4,75,125,179,1
1,296,89,95,1
12,19,402,112,0
2,65,367,110,0
5,390,153,165,1
7,25,132,70,0
4,177,332,67,0
2,212,259,177,0
11,74,126,100,0
10,87,405,171,0
12,128,447,97,0
1,213,489,76,0
10,217,220,80,0
9,235,190,171,0
3,324,437,141,0
3,221,379,63,0
4,467,97,183,1
12,328,61,162,1
1,460,374,64,0
11,28,156,82,0
5,288,198,105,0
3,237,145,156,1
12,158,31,78,1
2,102,405,119,0
4,364,286,127,0
7,483,118,75,0
10,224,452,74,0
5,128,13,92,1
12,222,239,115,0
12,326,126,76,0
5,385,446,181,0
10,94,465,166,0
11,365,118,92,0
8,452,437,151,0
7,182,186,62,0
4,318,385,167,0
7,345,71,116,1
11,155,124,167,1
11,474,271,197,0
12,123,271,72,0
12,241,231,85,0
11,129,467,96,0
9,32,163,144,0
1,118,31,128,1
2,36,44,169,1
2,65,73,54,0
4,237,359,120,0
11,107,214,167,0
7,145,294,113,0
3,125,304,121,0
9,7,292,113,0
11,436,452,128,0
7,148,208,196,0
10,161,319,100,0
8,432,402,114,0
8,292,384,138,0
4,240,229,54,0
7,16,354,165,0
9,17,211,70,0
12,286,361,98,0
6,365,240,67,0
1,451,128,91,0
9,116,463,113,0
4,411,53,101,1
11,99,250,178,0
10,160,36,179,1
11,382,139,67,0
9,53,82,130,1
10,127,162,159,0
2,320,241,124,0
7,193,431,164,0
12,486,112,169,1
11,417,76,151,1
4,209,498,158,0
1,353,120,146,1
7,23,290,100,0
5,12,188,104,0
7,467,408,82,0
3,309,494,109,0
3,382,161,51,0
10,233,465,155,0
1,394,123,196,1
5,88,116,116,0
11,238,203,148,0
6,468,332,195,0
5,188,411,125,0
9,156,139,121,0
8,148,377,146,0
7,474,361,54,0
4,45,417,100,0
5,109,113,164,1
7,209,172,53,0
2,350,382,99,0
5,425,345,131,0
9,435,118,162,1
1,475,153,136,0
9,395,2,57,1
12,488,412,125,0
4,390,456,172,0
11,176,260,159,0
7,443,54,181,1
10,9,371,64,0
1,98,214,108,0
11,12,78,52,0
9,320,323,182,0
3,485,232,119,0
7,184,421,101,0
7,108,171,123,0
12,247,353,151,0
8,394,417,68,0
11,245,409,182,0
6,260,118,156,1
11,339,482,158,0
8,51,213,90,0
1,27,162,74,0
11,257,28,167,1
9,469,347,148,0
5,33,384,195,0
9,347,216,142,0
3,163,353,80,0
9,134,246,128,0
2,69,431,163,0
12,143,237,178,0
10,197,255,66,0
8,27,349,105,0
11,122,44,182,1
12,486,419,125,0
1,16,462,197,0
5,94,383,53,0
5,490,328,106,0
2,15,182,136,0
3,183,2,63,1
10,306,330,157,0
4,333,278,113,0
5,119,173,169,0
8,107,392,135,0
3,413,179,167,0
10,147,21,159,1
12,355,75,178,1
11,482,499,150,0
7,75,460,72,0
2,196,316,102,0
1,66,310,152,0
12,183,402,164,0
2,43,325,181,0
5,247,25,102,1
8,129,56,135,1
6,124,446,92,0
1,279,11,148,1
4,204,28,150,1
4,316,189,186,0
1,259,248,56,0
10,48,489,99,0
8,315,461,155,0
1,301,478,151,0
12,177,399,195,0
7,189,317,131,0
12,229,222,113,0
2,283,281,85,0
7,90,134,53,0
10,11,343,161,0
10,245,393,53,0
8,265,339,106,0
9,12,116,194,1
9,114,52,112,1
8,129,39,116,1
4,320,379,151,0
6,500,281,63,0
10,260,434,152,0
11,160,352,173,0
5,28,173,157,0
2,154,490,131,0
9,223,299,103,0
4,175,217,128,0
12,77,440,157,0
6,218,376,87,0
3,306,73,162,1
8,205,331,96,0
6,471,74,122,1
7,362,285,53,0
3,11,358,95,0
11,500,45,158,1
7,174,301,160,0
1,244,317,148,0
6,93,168,54,0
6,405,221,81,0
12,412,361,179,0
3,453,111,175,1
2,72,122,154,1
12,121,3,141,1
2,478,329,176,0
1,484,495,102,0
2,485,164,68,0
3,150,266,91,0
6,457,494,59,0
11,54,342,198,0
12,290,75,155,1
12,52,252,189,0
3,230,208,165,0
7,446,154,136,0
7,148,120,143,1
11,53,0,138,1
2,218,460,183,0
12,498,214,124,0
11,146,38,79,1
8,480,41,107,1
9,475,400,61,0
12,7,93,75,0
4,210,89,197,1
7,378,402,150,0
6,114,416,184,0
8,291,367,79,0
10,48,98,131,1
3,487,227,152,0
7,214,71,54,0
4,223,267,199,0
10,98,446,103,0
12,122,296,175,0
7,95,140,142,1
2,105,236,175,0
4,283,456,105,0
1,211,362,139,0
1,188,496,97,0
4,335,381,92,0
2,174,21,60,1
1,396,216,191,0
3,245,90,89,0
12,256,78,192,1
9,335,372,55,0
11,29,311,91,0
7,223,235,136,0
3,131,491,156,0
9,370,76,58,0
7,267,258,170,0
12,81,170,103,0
1,158,121,124,1
3,219,255,103,0
9,365,272,180,0
8,72,492,72,0
1,413,403,180,0
1,365,46,67,1
9,244,317,153,0
11,237,450,170,0
11,175,42,180,1
5,60,255,177,0
12,447,166,125,0
3,201,27,65,1
7,297,84,61,0
3,491,41,157,1
8,341,456,58,0
4,96,240,192,0
11,393,325,193,0
6,220,307,122,0
11,449,470,109,0
9,129,351,106,0
4,211,487,165,0
7,278,276,115,0
1,203,372,78,0
6,260,329,111,0
6,454,157,91,0
7,175,422,168,0
1,56,440,68,0
9,438,18,145,1
8,110,222,190,0
5,4,197,91,0
3,86,177,145,0
11,454,271,105,0
9,179,34,77,1
3,276,157,123,0
2,43,406,85,0
12,465,398,166,0
6,339,57,126,1
2,495,480,93,0
3,113,432,175,0
8,206,476,90,0
11,24,162,171,1
12,20,385,110,0
2,37,264,76,0
1,313,177,94,0
6,142,139,186,1
6,2,335,169,0
8,198,305,180,0
5,148,129,137,1
9,442,4,198,1
11,479,199,69,0
2,88,268,127,0
4,356,361,164,0
12,388,79,106,1
7,272,199,114,0
8,382,389,63,0
9,251,422,190,0
11,444,358,98,0
10,45,488,124,0
8,276,464,101,0
4,481,60,173,1
12,124,265,70,0
3,194,32,59,1
5,499,262,192,0
8,267,365,164,0
3,46,360,174,0
7,175,144,163,1
12,69,258,79,0
9,412,18,115,1
1,114,321,67,0
4,348,273,107,0
1,320,466,190,0
11,369,303,82,0
6,426,366,95,0
1,184,314,172,0
9,243,263,103,0
8,248,420,103,0
6,414,400,110,0
7,433,118,80,0
1,79,309,126,0
1,103,277,179,0
10,494,339,104,0
4,190,409,91,0
12,371,78,52,0
6,266,21,115,1
4,230,329,54,0
11,327,458,148,0
12,400,351,59,0
3,28,236,106,0
2,406,265,80,0
5,237,6,145,1
3,143,28,90,1
1,319,418,139,0
1,496,365,114,0
10,423,376,55,0
4,478,289,197,0
4,104,222,127,0
12,190,182,130,0
1,292,132,58,0
6,91,494,161,0
4,30,98,73,0
8,25,161,139,0
2,412,261,76,0
5,260,493,53,0
4,83,272,142,0
1,467,309,158,0
11,189,231,71,0
4,15,332,52,0
3,319,478,133,0
1,466,477,190,0
2,199,417,196,0
2,178,253,86,0
5,62,167,161,0
7,116,377,87,0
7,443,206,80,0
9,11,221,134,0
3,249,271,130,0
10,293,172,68,0
1,364,48,68,1
11,446,324,90,0
2,412,383,153,0
12,242,342,110,0
12,415,392,105,0
8,448,130,193,1
1,239,122,137,1
6,169,52,190,1
10,48,104,66,0
3,288,420,178,0
2,152,225,112,0
1,250,142,96,0
2,250,260,158,0
2,196,199,93,0
9,457,351,158,0
7,21,434,112,0
8,297,173,184,1
5,98,329,79,0
8,139,308,72,0
6,52,96,133,1
3,46,102,63,0
1,318,84,85,1
9,275,338,105,0
8,42,497,145,0
7,261,47,150,1
5,32,445,165,0
12,476,92,158,1
2,308,58,64,1
1,456,235,147,0
8,328,216,74,0
12,28,28,84,1
12,329,104,125,1
4,144,93,165,1
11,291,203,82,0
1,171,131,151,1
6,363,327,97,0
1,101,277,124,0
3,44,47,156,1
6,313,426,176,0
4,181,280,86,0
10,206,494,52,0
10,388,285,132,0
4,359,133,124,0
1,358,158,89,0
2,245,217,159,0
9,269,84,160,1
6,312,359,154,0
1,49,291,174,0
4,278,49,148,1
3,49,131,180,1
10,63,140,198,1
11,316,411,197,0
9,251,275,142,0
9,497,344,191,0
6,409,388,71,0
10,391,21,121,1
1,268,61,150,1
9,96,11,160,1
7,95,380,158,0
3,269,310,168,0
10,430,2,190,1
7,342,200,162,0
3,305,16,190,1
7,431,102,66,0
11,187,495,73,0
8,362,344,182,0
5,471,290,177,0
1,421,354,155,0
9,367,92,85,0
1,43,135,60,0
6,71,68,162,1
5,131,242,125,0
5,29,331,164,0
9,367,325,183,0
9,300,338,153,0
2,100,190,89,0
4,230,348,109,0
1,89,231,198,0
4,269,333,117,0
12,312,115,59,0
6,116,264,145,0
2,196,446,50,0
12,423,252,90,0
10,381,23,55,1
11,441,489,196,0
8,209,498,187,0
7,253,343,125,0
5,291,493,128,0
10,491,169,146,0
3,306,81,53,0
2,429,436,171,0
2,213,104,134,1
6,410,17,76,1
11,102,61,63,1
4,433,490,94,0
5,382,433,107,0
3,476,188,156,0
7,259,468,89,0
5,284,127,96,0
9,236,355,123,0
11,261,164,141,0
2,480,433,63,0
11,227,277,105,0
4,165,21,118,1
1,225,315,55,0
3,257,9,75,1
12,347,105,186,1
9,31,269,95,0
3,476,333,103,0
10,409,117,182,1
10,391,122,127,1
11,253,173,122,0
10,454,408,148,0
8,235,417,163,0
4,266,338,158,0
4,430,448,109,0
8,8,55,160,1
2,486,406,189,0
8,79,99,79,0
7,249,70,90,1
11,201,186,53,0
7,353,437,174,0
12,174,27,159,1
7,371,361,81,0
9,362,163,63,0
11,109,232,105,0
6,118,345,106,0
9,123,193,141,0
4,96,72,98,1
8,44,434,131,0
10,419,34,104,1
1,246,137,54,0
12,369,308,170,0
9,302,78,102,1
7,299,460,136,0
8,211,447,75,0
2,228,181,137,0
6,52,21,93,1
9,251,53,122,1
2,65,162,158,0
12,207,226,97,0
6,284,304,152,0
2,419,134,57,0
2,224,47,102,1
8,47,110,189,1
1,388,130,126,0
5,40,244,66,0
9,235,391,189,0
11,292,116,166,1
7,291,440,95,0
9,393,343,77,0
7,98,250,84,0
11,122,325,182,0
11,346,300,82,0
11,289,181,132,0
8,79,69,88,1
4,105,95,178,1
9,487,53,180,1
4,354,302,96,0
4,66,17,130,1
7,46,185,74,0
9,329,221,190,0
10,429,223,84,0
9,32,299,160,0
8,54,10,51,1
3,422,201,97,0
3,116,123,72,0
4,269,111,136,1
8,350,29,111,1
11,88,449,94,0
1,20,427,183,0
6,386,156,139,0
6,7,222,187,0
2,40,258,95,0
11,134,291,71,0
5,207,218,135,0
2,151,316,55,0
9,314,38,83,1
6,129,312,171,0
12,339,380,72,0
10,375,78,198,1
12,121,463,153,0
1,488,33,74,1
3,301,314,152,0
7,52,105,130,1
10,84,13,91,1
10,426,470,157,0
1,28,469,183,0
8,331,423,90,0
1,48,191,150,0
8,240,481,99,0
1,162,499,193,0
10,129,27,107,1
8,47,158,59,0
9,247,226,106,0
9,98,239,103,0
12,163,225,192,0
3,154,157,65,0
7,438,136,156,1
4,5,200,193,0
3,184,218,183,0
7,283,210,117,0
12,415,280,120,0
10,112,496,90,0
7,313,8,181,1
12,252,172,168,0
11,73,183,91,0
11,386,320,146,0
12,221,196,68,0
12,28,51,118,1
12,54,65,62,0
5,307,408,146,0
2,426,399,139,0
4,400,489,197,0
9,55,222,104,0
9,171,83,147,1
4,464,461,70,0
10,142,45,133,1
7,374,119,70,0
3,293,231,195,0
9,413,30,186,1
6,257,192,104,0
8,13,302,74,0
2,112,212,83,0
7,84,377,149,0
1,334,188,144,0
8,411,35,180,1
2,386,171,134,0
6,332,305,193,0
2,266,169,135,0
3,61,407,58,0
10,407,410,71,0
7,341,111,174,1
2,390,173,79,0
8,376,33,132,1
9,164,197,177,0
9,310,59,135,1
7,295,57,187,1
10,415,318,144,0
3,437,361,131,0
7,151,260,166,0
9,397,103,92,0
7,279,134,151,1
9,320,211,142,0
1,242,487,138,0
8,194,119,60,0
11,215,415,146,0
4,430,390,84,0
4,469,40,147,1
2,71,61,86,1
10,471,455,158,0
10,352,55,116,1
10,303,62,99,1
6,164,350,129,0
2,143,416,65,0
12,247,194,95,0
3,176,368,149,0
5,453,477,166,0
12,181,350,64,0
8,399,180,52,0
5,96,294,140,0
3,329,426,135,0
10,70,114,145,1
11,314,395,141,0
6,117,226,162,0
6,151,36,142,1
7,153,174,160,0
9,471,322,104,0
4,244,78,131,1
8,352,260,147,0
11,1,214,79,0
12,341,117,124,1
7,74,350,149,0
3,446,479,153,0
12,308,461,67,0
5,104,241,148,0
12,12,57,154,1
5,261,385,126,0
6,78,333,113,0
2,40,421,55,0
1,290,301,117,0
12,304,313,92,0
3,59,322,84,0
9,336,452,183,0
6,188,344,95,0
6,77,158,72,0
10,392,295,56,0
6,140,295,70,0
7,274,362,59,0
9,436,94,81,0
11,284,347,109,0
5,394,309,59,0
9,103,108,173,1
1,51,162,148,0
1,310,258,84,0
11,334,453,74,0
2,402,298,116,0
5,243,424,125,0
12,450,266,192,0
2,115,91,158,1
12,158,468,78,0
4,488,404,111,0
2,92,396,107,0
4,54,258,144,0
8,449,442,159,0
12,446,289,104,0
1,439,219,149,0
6,342,449,97,0
2,146,245,181,0
12,455,459,69,0
7,300,348,81,0
2,452,447,175,0
7,312,276,122,0
4,214,107,169,1
7,322,71,129,1
4,196,36,117,1
7,80,492,69,0
2,188,499,152,0
12,475,461,198,0
5,397,319,134,0
2,247,352,102,0
7,413,407,184,0
7,330,286,118,0
5,404,157,128,0
4,91,448,138,0
6,165,369,67,0
11,229,328,129,0
3,23,309,183,0
6,432,184,98,0
4,57,95,127,1
10,242,481,157,0
4,241,331,62,0
1,72,34,72,1
12,347,379,146,0
9,262,235,192,0
7,460,250,176,0
3,79,66,87,1
9,26,31,116,1
1,14,63,162,1
2,154,173,64,0
1,471,345,117,0
4,457,356,94,0
12,155,168,79,0
1,365,130,107,0
5,410,45,67,1
5,391,329,98,0
8,185,481,160,0
9,110,110,183,1
2,130,12,158,1
11,9,99,153,1
12,139,405,192,0
2,465,297,193,0
5,131,479,116,0
8,79,372,161,0
1,145,286,163,0
8,486,461,127,0
6,253,16,180,1
10,315,276,198,0
12,250,325,108,0
2,51,100,57,0
9,475,201,133,0
10,101,419,130,0
3,453,466,66,0
3,472,421,56,0
2,422,12,167,1
1,276,388,101,0
2,53,400,105,0
12,236,121,79,0
4,197,20,123,1
10,230,168,128,0
8,76,408,99,0
3,154,320,136,0
2,423,350,184,0
10,381,87,104,1
2,405,69,87,1
8,24,499,158,0
3,2,41,144,1
12,90,239,183,0
5,483,75,185,1
7,397,14,128,1
6,204,67,69,1
3,63,392,79,0
6,445,381,198,0
11,95,310,59,0
2,412,448,91,0
8,498,180,101,0
10,12,385,180,0
9,234,341,106,0
2,86,272,124,0
11,466,246,167,0
12,32,96,123,1
1,237,466,115,0
1,295,333,134,0
9,137,124,80,0
11,236,440,195,0
1,246,200,189,0
6,313,92,183,1
8,421,36,131,1
4,365,405,100,0
11,427,277,129,0
2,71,270,160,0
7,490,295,191,0
8,451,216,94,0
8,53,103,126,1
12,477,373,127,0
1,424,426,130,0
1,184,227,170,0
3,168,117,161,1
2,108,317,134,0
3,154,195,97,0
10,256,136,106,0
5,103,326,105,0
3,246,415,117,0
5,215,449,197,0
9,102,12,84,1
8,367,236,137,0
3,271,218,112,0
8,132,272,83,0
5,419,188,104,0
3,358,234,148,0
12,17,451,73,0
2,294,207,79,0
8,204,438,195,0
4,324,331,136,0
7,165,394,115,0
1,109,195,96,0
11,47,479,121,0
12,475,215,73,0
4,361,253,73,0
10,192,300,186,0
1,15,220,195,0
2,480,108,115,1
12,348,60,77,1
10,46,221,172,0
2,334,380,178,0
2,450,377,139,0
9,85,290,76,0
4,473,286,108,0
3,189,270,145,0
10,163,229,112,0
10,238,404,67,0
12,183,0,112,1
11,112,52,131,1
11,420,337,112,0
3,132,476,71,0
12,79,446,195,0
10,356,284,86,0
10,172,119,197,1
3,341,47,115,1
1,251,98,113,1
6,208,296,119,0
10,366,271,72,0
3,156,143,94,0
7,379,241,66,0
6,221,4,164,1
5,377,448,160,0
3,253,349,116,0
9,153,105,101,0
8,101,290,132,0
11,92,386,163,0
3,67,54,107,1
10,496,490,72,0
4,319,316,70,0
4,15,90,75,0
4,399,279,88,0
5,135,246,116,0
3,262,274,195,0
10,383,326,181,0
12,402,247,68,0
8,348,365,92,0
1,120,232,145,0
5,444,457,152,0
1,275,256,122,0
1,254,10,142,1
7,171,336,132,0
10,1,220,51,0
12,18,390,125,0
1,133,451,159,0
1,244,365,134,0
10,492,77,173,1
12,444,174,79,0
2,148,49,74,1
3,24,267,69,0
10,259,74,153,1
4,458,230,150,0
10,131,389,160,0
8,484,41,68,1
10,427,318,155,0
5,221,332,193,0
3,62,346,178,0
6,216,307,154,0
5,44,186,123,0
5,466,260,164,0
5,237,173,120,0
1,355,54,172,1
3,288,333,175,0
7,207,452,112,0
6,154,137,105,0
11,456,52,145,1
9,203,492,145,0
1,176,19,171,1
2,205,208,156,0
6,338,150,69,0
11,111,100,170,1
7,274,262,138,0
6,325,495,177,0
9,182,56,107,1
9,42,207,194,0
6,303,198,72,0
6,321,45,65,1
3,420,293,195,0
8,333,273,185,0
7,119,462,190,0
6,28,166,113,0
12,411,253,118,0
7,344,150,78,0
5,139,468,138,0
7,144,229,130,0
1,453,230,92,0
7,10,107,126,1
4,85,402,134,0
11,427,238,74,0
12,221,258,112,0
6,295,226,67,0
2,57,337,70,0
9,112,189,119,0
11,326,6,128,1
12,167,471,171,0
4,330,269,163,0
8,198,87,158,1
1,69,379,152,0
8,16,27,197,1
8,94,56,141,1
12,88,256,170,0
5,113,418,194,0
7,431,161,169,1
4,401,432,178,0
11,316,250,183,0
11,459,319,185,0
8,414,361,199,0
10,316,143,168,1
2,317,307,54,0
2,417,455,72,0
9,47,428,63,0
3,190,26,148,1
11,449,202,92,0
9,147,134,130,0
1,483,50,144,1
11,131,133,119,0
3,139,355,125,0
9,347,243,188,0
11,458,360,148,0
6,455,126,70,0
4,185,90,179,1
12,89,177,195,1
11,20,307,58,0
2,62,295,161,0
3,65,54,60,1
12,38,357,60,0
3,161,51,122,1
9,253,269,67,0
9,395,103,171,1
11,36,88,58,0
3,446,355,112,0
5,195,199,89,0
10,242,453,87,0
10,136,277,183,0
5,156,351,52,0
12,9,385,81,0
9,49,233,84,0
11,443,216,93,0
9,250,238,67,0
10,16,143,173,1
1,448,8,136,1
10,448,493,68,0
8,487,59,139,1
11,10,66,162,1
3,357,384,63,0
6,32,391,51,0
6,41,43,197,1
10,28,291,88,0
9,214,272,68,0
7,27,194,61,0
2,424,342,173,0
11,133,357,115,0
11,268,109,121,1
4,57,51,74,1
8,406,453,50,0
6,35,340,68,0
7,19,322,77,0
3,274,92,93,1
3,424,163,128,0
9,445,215,164,0
3,333,78,178,1
2,86,270,152,0
10,474,92,195,1
11,67,81,136,1
4,30,219,71,0
2,330,454,149,0
10,215,495,83,0
9,200,10,194,1
11,98,377,151,0
6,431,186,199,1
1,457,389,142,0
3,401,29,61,1
1,203,192,134,0
9,308,180,129,0
10,179,49,76,1
2,99,328,57,0
2,9,219,129,0
1,175,57,70,1
1,277,112,144,1
9,358,252,96,0
11,307,173,122,0
1,177,277,144,0
9,355,74,172,1
10,106,316,98,0
4,394,404,93,0
11,284,271,144,0
10,479,91,143,1
9,36,151,70,0
8,224,232,76,0
12,244,125,137,1
1,362,381,52,0
6,431,287,140,0
12,266,400,160,0
9,66,352,123,0
3,73,257,99,0
2,414,424,143,0
8,201,309,162,0
1,378,175,83,0
11,294,352,77,0
4,293,138,95,0
8,470,296,57,0
10,304,361,110,0
3,65,353,120,0
12,347,347,54,0
8,216,192,53,0
9,481,164,199,1
7,264,493,53,0
10,400,358,58,0
7,363,94,91,0
9,111,20,195,1
6,141,113,129,1
2,469,407,62,0
10,472,64,121,1
5,239,341,98,0
12,390,125,109,0
2,376,193,121,0
5,245,446,110,0
10,492,147,143,0
9,47,426,57,0
11,119,58,162,1
2,464,173,138,0
10,207,85,167,1
2,402,244,130,0
4,284,207,171,0
7,417,7,183,1
5,93,329,112,0
12,245,366,175,0
5,60,6,146,1
2,28,102,157,1
8,461,131,55,0
7,257,485,77,0
8,310,243,171,0
8,35,360,58,0
2,275,53,136,1
9,19,121,78,0
11,347,206,188,0
4,119,137,192,1
8,354,11,93,1
10,347,106,122,1
11,439,161,174,1
9,499,345,53,0
3,271,427,82,0
6,147,478,137,0
4,320,396,80,0
10,165,225,161,0
9,170,485,178,0
9,254,166,122,0
6,366,267,65,0
11,131,229,157,0
4,24,10,111,1
9,496,462,106,0
1,25,34,151,1
2,135,68,106,1
12,41,435,74,0
8,363,43,143,1
2,426,318,110,0
6,396,399,65,0
10,33,176,82,0
12,354,421,170,0
9,313,426,151,0
4,413,175,147,0
10,136,116,71,0
1,340,203,87,0
5,174,251,105,0
2,238,60,156,1
6,386,175,77,0
12,208,418,81,0
1,144,211,146,0
2,345,10,140,1
3,43,189,53,0
4,121,23,165,1
9,250,236,113,0
3,400,237,178,0
6,43,472,129,0
8,192,362,172,0
1,287,485,70,0
4,120,65,139,1
7,307,495,117,0
7,187,56,166,1
4,120,383,93,0
12,188,37,68,1
8,11,480,121,0
9,112,304,191,0
9,37,356,97,0
12,173,46,57,1
11,360,218,118,0
3,12,264,110,0
1,104,125,130,1
2,364,166,101,0
6,272,387,140,0
12,280,315,87,0
12,306,304,171,0
7,343,390,102,0
9,110,281,138,0
3,359,149,166,1
1,160,406,100,0
8,51,325,115,0
10,364,333,185,0
12,144,334,105,0
10,358,57,121,1
5,431,271,180,0
9,397,176,133,0
1,210,169,184,1
7,483,449,69,0
10,258,56,101,1
2,105,444,54,0
4,401,260,95,0
12,156,57,175,1
2,102,462,94,0
7,124,471,133,0
10,101,17,55,1
9,306,109,71,0
2,294,391,56,0
1,7,82,175,1
4,144,333,95,0
9,418,18,91,1
6,246,495,170,0
1,281,439,85,0
5,96,309,149,0
3,107,80,101,1
3,211,312,68,0
1,480,340,137,0
12,117,80,91,1
4,61,40,82,1
11,285,474,190,0
9,35,18,168,1
6,358,383,196,0
5,70,333,85,0
11,385,49,77,1
9,198,193,196,1
7,64,176,95,0
11,240,459,183,0
1,256,104,94,0
3,103,404,144,0
5,301,154,101,0
9,411,308,183,0
3,406,86,117,1
8,137,178,158,0
9,280,220,199,0
8,393,72,81,1
8,95,103,161,1
8,183,56,55,0
12,241,229,193,0
7,345,353,97,0
10,34,353,90,0
3,306,368,157,0
5,111,378,70,0
5,402,270,103,0
12,320,416,106,0
2,292,491,83,0
11,240,8,123,1
8,465,98,100,1
7,173,342,54,0
11,372,341,162,0
9,435,77,88,1
12,467,190,191,1
9,179,430,142,0
9,108,257,139,0
2,143,231,124,0
2,492,485,130,0
12,142,96,107,1
6,66,86,155,1
12,2,31,173,1
3,265,181,63,0
3,115,407,81,0
1,291,267,128,0
9,330,119,189,1
8,104,29,66,1
4,454,55,197,1
4,110,392,164,0
4,256,336,119,0
2,497,96,73,0
7,310,86,184,1
7,308,98,66,0
8,456,483,93,0
9,148,365,166,0
6,236,398,177,0
10,118,26,124,1
4,460,83,128,1
5,438,74,159,1
4,352,465,172,0
5,427,153,76,0
7,256,374,51,0
12,487,430,116,0
7,34,84,106,1
1,37,376,63,0
8,470,204,85,0
10,79,371,88,0
11,456,191,119,0
1,31,43,188,1
7,368,267,127,0
8,122,431,197,0
8,318,151,97,0
3,460,363,71,0
5,343,127,51,0
7,145,145,96,0
3,49,185,107,0
8,406,92,66,0
3,266,20,170,1
1,77,60,105,1
4,172,114,154,1
5,373,170,78,0
3,389,194,106,0
10,437,460,138,0
10,499,310,177,0
1,251,458,122,0
4,155,483,152,0
10,81,494,192,0
3,216,7,95,1
1,178,403,95,0
7,188,442,82,0
9,270,64,122,1
2,59,216,155,0
7,243,465,146,0
11,63,288,144,0
9,245,209,158,0
3,406,119,74,0
5,214,392,100,0
10,425,20,51,1
5,153,205,168,0
10,97,347,180,0
10,290,378,127,0
6,151,384,105,0
9,330,481,188,0
1,457,239,66,0
9,111,145,141,0
9,474,366,63,0
6,447,402,127,0
2,175,113,154,1
2,192,223,196,0
11,397,370,160,0
3,111,227,150,0
1,400,13,109,1
8,234,341,184,0
11,368,130,51,0
2,495,166,97,0
9,197,27,186,1
8,198,192,117,0
7,31,357,113,0
3,458,452,83,0
4,277,242,177,0
4,301,191,175,0
3,464,290,199,0
7,165,413,103,0
12,78,370,79,0
11,34,91,160,1
3,146,150,98,0
2,141,183,76,0
5,296,442,188,0
3,487,247,73,0
6,69,283,140,0
10,342,234,53,0
5,119,481,72,0
12,481,169,137,0
9,478,345,160,0
12,399,273,175,0
7,325,468,101,0
7,438,440,117,0
4,192,437,142,0
1,199,444,67,0
4,41,294,155,0
6,28,20,149,1
2,97,253,114,0
11,456,27,77,1
7,201,13,160,1
4,200,346,177,0
11,278,448,128,0
12,223,426,74,0
5,199,472,178,0
3,435,369,112,0
9,487,112,124,1
5,205,315,197,0
3,55,224,102,0
8,136,401,52,0
4,480,100,59,0
1,129,344,158,0
3,16,373,103,0
11,369,471,179,0
5,306,149,94,0
8,389,95,163,1
10,37,220,70,0
10,13,152,166,1
6,459,200,116,0
2,319,119,78,0
2,488,262,98,0
1,234,160,180,1
6,110,269,162,0
3,71,240,67,0
7,302,253,160,0
4,219,174,196,1
9,319,364,128,0
9,3,130,154,1
12,71,55,180,1
2,326,144,136,0
11,213,372,163,0
7,427,401,75,0
6,451,166,125,0
8,77,35,186,1
3,362,346,101,0
5,269,310,78,0
3,356,53,190,1
9,394,284,53,0
8,100,52,67,1
11,339,254,127,0
4,481,294,151,0
11,198,196,146,0
6,257,427,90,0
6,176,335,86,0
9,456,316,179,0
1,419,60,107,1
6,10,459,153,0
3,442,339,164,0
2,461,270,141,0
4,175,226,97,0
1,240,445,78,0
2,374,70,76,1
5,17,347,165,0
2,436,474,193,0
2,237,238,131,0
7,71,124,137,1
1,19,41,197,1
11,276,372,83,0
9,347,201,97,0
8,218,335,112,0
6,163,175,113,0
10,290,492,148,0
5,415,395,57,0
4,12,55,74,1
1,455,57,173,1
12,201,82,109,1
3,108,254,64,0
4,89,471,165,0
7,461,119,155,1
5,161,292,157,0
11,161,338,126,0
7,415,29,79,1
5,169,428,157,0
10,145,165,168,1
1,401,370,135,0
1,24,281,117,0
9,390,46,101,1
4,440,382,69,0
8,281,485,56,0
2,147,480,196,0
5,193,383,130,0
2,365,70,118,1
6,392,47,194,1
7,418,100,163,1
7,46,219,149,0
5,282,202,53,0
2,486,389,68,0
10,336,437,99,0
2,332,266,194,0
3,209,135,173,1
10,333,226,108,0
1,485,167,114,0
12,99,276,79,0
1,431,497,53,0
11,294,115,111,0
2,112,308,139,0
8,194,242,173,0
12,212,88,189,1
5,273,478,71,0
9,177,92,98,1
7,335,182,93,0
6,245,327,59,0
5,47,362,81,0
3,114,492,50,0
2,181,380,182,0
5,415,70,121,1
5,145,458,120,0
1,349,292,113,0
10,85,241,154,0
3,49,472,172,0
5,423,29,139,1
11,67,60,52,0
5,265,186,55,0
5,292,1,52,1
12,144,30,82,1
2,19,19,168,1
9,93,10,179,1
5,347,6,117,1
5,436,231,191,0
12,363,35,70,1
4,344,317,193,0
12,435,57,197,1
5,409,338,133,0
6,205,255,79,0
10,139,291,138,0
11,340,441,193,0
3,365,438,182,0
8,191,198,91,0
1,474,406,147,0
4,230,349,75,0
5,10,4,127,1
2,352,378,105,0
8,160,275,55,0
12,32,450,112,0
7,39,252,196,0
7,78,266,159,0
6,339,274,127,0
7,457,376,121,0
11,272,303,197,0
10,392,96,146,1
6,254,142,115,0
3,14,397,106,0
4,242,80,80,0
12,479,475,90,0
9,74,22,82,1
7,318,481,158,0
12,200,434,117,0
1,10,158,153,0
3,178,107,174,1
3,418,341,102,0
9,272,491,196,0
3,211,425,63,0
5,389,72,90,1
12,236,460,69,0
9,261,12,77,1
4,261,367,130,0
2,319,409,104,0
3,357,496,52,0
6,59,184,87,0
10,130,106,96,0
4,323,443,126,0
2,354,498,163,0
3,483,418,169,0
7,421,462,187,0
8,135,470,135,0
10,289,316,94,0
10,66,140,129,0
4,349,180,166,0
4,169,252,117,0
2,390,84,170,1
7,238,195,82,0
5,209,97,93,0
2,254,75,130,1
8,387,254,164,0
11,323,402,144,0
11,383,130,194,1
6,370,127,90,0
12,371,414,133,0
5,166,361,90,0
2,90,483,187,0
9,210,366,188,0
5,389,113,81,0
7,314,11,55,1
7,83,38,143,1
2,159,75,63,0
1,385,142,50,0
11,38,491,80,0
6,408,49,190,1
12,255,273,127,0
7,40,79,141,1
10,474,412,135,0
6,18,308,153,0
10,463,448,149,0
9,282,226,173,0
8,335,244,110,0
5,481,199,165,0
2,6,88,64,0
10,42,140,153,1
8,462,297,172,0
11,26,78,184,1
7,195,39,157,1
2,164,85,96,1
9,266,460,154,0
2,443,74,121,1
9,179,236,52,0
8,187,190,70,0
10,177,290,136,0
11,183,104,195,1
11,235,170,151,0
10,50,252,65,0
3,332,187,152,0
2,142,65,121,1
6,31,87,62,0
4,326,370,169,0
10,499,394,74,0
10,460,260,83,0
9,200,55,170,1
8,8,110,130,1
6,19,371,120,0
4,387,286,92,0
6,327,375,162,0
3,434,238,90,0
4,362,71,93,1
2,91,343,134,0
5,12,452,174,0
12,9,498,60,0
11,47,358,78,0
5,124,241,131,0
8,275,297,156,0
8,469,317,50,0
2,179,321,142,0
2,193,81,104,1
12,346,122,109,0
1,244,369,116,0
2,272,43,99,1
12,216,432,71,0
4,215,252,95,0
2,218,157,99,0
10,73,56,129,1
7,290,306,139,0
5,207,384,155,0
10,437,247,54,0
7,277,267,62,0
10,369,257,122,0
1,455,299,183,0
11,369,348,111,0
12,287,333,114,0
6,485,360,87,0
12,231,495,178,0
6,249,187,175,0
10,432,114,87,0
3,295,210,155,0
3,384,473,157,0
1,258,47,192,1
3,256,179,125,0
8,336,77,162,1
4,294,78,51,0
12,273,335,117,0
2,10,361,161,0
5,489,14,140,1
2,120,195,197,1
1,336,73,81,1
3,103,232,197,0
6,126,99,71,0
7,279,164,183,1
6,126,290,169,0
5,442,292,118,0
5,370,447,86,0
6,353,485,152,0
5,208,364,156,0
3,423,371,134,0
12,396,166,199,1
9,272,141,159,1
11,127,40,89,1
12,81,233,172,0
2,316,126,148,1
2,198,268,101,0
10,79,110,195,1
6,92,424,54,0
8,28,332,164,0
5,431,189,113,0
9,296,33,107,1
12,9,450,155,0
1,258,37,75,1
7,134,493,103,0
11,205,183,150,0
7,137,391,140,0
11,121,152,69,0
4,355,48,63,1
8,240,384,172,0
5,174,431,57,0
11,463,159,142,0
11,31,289,100,0
1,305,191,101,0
12,47,230,71,0
9,296,476,172,0
10,411,282,168,0
6,406,141,181,1
9,453,198,67,0
6,344,296,170,0
8,352,158,71,0
9,129,292,99,0
4,98,247,119,0
2,469,111,75,0
5,105,143,179,1
7,17,113,131,1
7,310,439,59,0
1,440,255,187,0
8,4,425,157,0
1,476,165,109,0
8,348,149,168,1
9,357,372,189,0
10,396,100,100,0
11,201,388,87,0
8,265,334,110,0
4,196,362,129,0
9,452,200,114,0
4,19,85,157,1
5,124,442,100,0
3,72,468,109,0
11,230,447,109,0
8,24,201,81,0
3,36,73,55,0
11,313,492,177,0
6,243,387,114,0
10,345,127,160,1
11,150,277,190,0
2,100,454,165,0
5,424,105,177,1
11,240,326,75,0
11,313,477,88,0
1,408,84,188,1
1,290,57,119,1
9,350,447,154,0
6,233,434,146,0
10,379,49,104,1
12,12,389,122,0
10,308,376,145,0
10,111,251,181,0
11,325,63,195,1
11,313,460,104,0
4,71,86,133,1
7,441,20,68,1
11,294,75,102,1
11,183,469,170,0
6,235,138,104,0
10,325,455,55,0
3,209,278,182,0
12,112,94,68,0
2,301,159,132,0
7,136,268,117,0
11,19,208,182,0
11,118,66,118,1
10,316,219,163,0
10,26,298,74,0
9,257,105,151,1
6,208,454,125,0
2,470,1,91,1
11,467,364,169,0
10,202,396,167,0
8,482,170,145,0
11,485,483,77,0
2,199,188,71,0
10,31,315,83,0
10,104,141,147,1
3,281,67,113,1
9,3,229,126,0
1,120,181,77,0
3,358,149,156,1
5,384,35,83,1
3,47,173,169,0
7,414,81,98,1
7,138,326,159,0
4,434,167,63,0
12,189,48,103,1
8,389,8,195,1
4,82,288,137,0
6,35,407,142,0
2,374,365,71,0
11,23,474,196,0
7,375,300,84,0
12,441,237,90,0
1,322,205,143,0
5,444,151,168,1
8,45,127,187,1
3,1,485,178,0
4,198,37,51,1
3,359,275,107,0
5,225,379,106,0
5,382,409,171,0
8,34,146,169,1
4,267,249,81,0
12,498,72,152,1
2,170,273,123,0
9,196,381,183,0
9,188,120,166,1
10,198,205,198,0
2,55,384,187,0
3,370,247,167,0
12,351,268,185,0
3,19,230,96,0
8,104,458,92,0
12,266,429,115,0
9,129,398,57,0
8,194,494,71,0
5,140,3,69,1
6,137,116,136,1
11,261,440,185,0
1,492,150,125,0
5,73,137,161,1
5,101,497,131,0
9,256,416,155,0
3,233,241,75,0
5,354,382,122,0
1,413,190,177,0
1,339,42,54,1
3,480,47,84,1
2,428,266,68,0
8,326,461,164,0
4,410,147,84,0
5,242,226,53,0
4,327,499,113,0
7,397,315,66,0
12,69,223,103,0
8,487,483,97,0
8,432,394,71,0
4,454,478,173,0
1,353,266,139,0
4,388,47,196,1
6,467,421,192,0
11,287,459,76,0
7,439,286,81,0
1,434,294,118,0
5,133,373,163,0
3,495,289,168,0
11,335,24,187,1
6,357,328,173,0
9,250,443,86,0
10,70,227,78,0
8,72,96,134,1
11,290,457,134,0
8,222,461,58,0
10,382,249,164,0
5,481,245,89,0
3,431,237,144,0
12,84,240,117,0
3,13,240,149,0
4,116,368,172,0
7,434,148,122,0
2,421,426,52,0
6,171,252,116,0
11,401,369,113,0
1,69,429,97,0
2,226,309,149,0
2,178,186,185,0
8,18,395,58,0
12,66,499,68,0
6,228,18,129,1
11,254,219,138,0
5,73,210,190,0
12,100,482,109,0
10,313,277,134,0
7,178,256,93,0
4,392,257,94,0
9,41,302,72,0
9,316,85,181,1
9,395,425,182,0
12,278,317,163,0
6,397,58,53,0
12,170,294,144,0
1,368,364,114,0
6,271,491,126,0
10,431,499,81,0
7,427,489,103,0
10,426,120,193,1
9,329,465,75,0
10,183,321,57,0
12,20,482,77,0
12,93,46,91,1
12,172,101,129,1
7,62,456,114,0
1,389,66,188,1
6,374,115,73,0
4,49,28,168,1
10,193,58,58,0
11,254,33,161,1
6,452,150,194,1
3,377,245,171,0
2,493,288,96,0
9,132,31,166,1
9,296,436,53,0
11,215,121,90,0
8,403,441,142,0
10,148,276,190,0
6,491,250,127,0
8,73,217,84,0
1,61,212,183,0
11,499,498,199,0
7,62,5,156,1
8,473,195,62,0
9,350,376,105,0
6,436,185,107,0
1,10,429,171,0
12,225,380,70,0
7,156,210,111,0
6,150,485,90,0
1,353,148,120,0
3,45,463,105,0
11,335,41,101,1
1,370,216,149,0
11,237,384,57,0
3,136,47,60,1
2,444,134,127,0
9,118,190,148,0
6,14,377,175,0
12,227,200,187,0
7,253,193,115,0
9,27,445,145,0
12,229,313,117,0
11,263,333,53,0
12,466,453,53,0
10,24,185,152,0
3,393,281,87,0
3,138,89,170,1
1,236,273,86,0
1,7,448,106,0
4,261,307,108,0
9,174,367,116,0
6,355,467,85,0
10,444,101,186,1
11,7,103,79,0
2,403,474,139,0
10,228,476,150,0
11,170,34,144,1
9,108,244,114,0
7,225,335,160,0
10,170,270,157,0
10,21,381,79,0
4,104,174,106,0
10,69,303,146,0
9,362,283,137,0
2,13,433,144,0
7,297,320,123,0
9,498,283,52,0
8,332,481,169,0
2,492,35,119,1
1,235,116,176,1
4,437,36,136,1
8,324,417,185,0
12,283,421,58,0
11,305,27,117,1
2,401,139,52,0
9,166,174,74,0
3,65,127,90,0
3,292,495,182,0
4,91,392,159,0
6,50,255,169,0
8,2,48,183,1
1,377,418,72,0
2,25,168,96,0
7,376,470,131,0
3,122,25,116,1
10,319,385,127,0
11,40,444,76,0
6,490,470,183,0
5,442,301,171,0
10,66,258,111,0
9,145,198,192,0
5,241,213,197,0
2,445,193,165,0
12,186,334,150,0
1,87,121,144,1
12,67,362,183,0
12,197,276,140,0
11,121,411,83,0
12,428,434,173,0
4,409,224,109,0
2,242,125,55,0
3,109,140,183,1
6,421,302,103,0
4,301,318,82,0
2,21,252,95,0
6,434,202,107,0
4,338,11,132,1
4,186,174,59,0
8,1,27,169,1
10,349,124,151,1
2,124,244,74,0
7,207,406,86,0
10,497,88,186,1
8,281,265,141,0
6,202,72,53,0
10,216,185,86,0
7,404,391,183,0
2,149,137,92,0
7,456,233,106,0
3,343,111,59,0
5,113,20,164,1
9,31,175,79,0
4,404,388,183,0
8,52,77,132,1
9,129,497,172,0
11,15,424,183,0
4,226,55,126,1
9,17,116,139,1
2,402,277,135,0
9,349,466,172,0
9,407,317,154,0
6,413,27,181,1
7,480,248,153,0
9,353,154,118,0
2,160,73,85,1
3,492,223,79,0
1,438,203,142,0
6,223,421,89,0
3,402,327,181,0
9,299,208,164,0
8,227,25,68,1
5,477,31,169,1
9,168,350,114,0
8,337,425,144,0
11,3,55,114,1
8,108,60,170,1
3,366,41,109,1
3,51,351,166,0
4,110,197,50,0
7,252,383,116,0
10,152,87,147,1
5,79,447,95,0
12,283,108,62,0
2,43,8,129,1
8,372,17,58,1
7,322,422,185,0
10,194,182,137,0
9,302,158,98,0
8,200,127,58,0
7,319,143,115,0
11,371,251,83,0
12,41,293,115,0
6,485,86,82,0
11,424,49,76,1
9,95,295,137,0
8,268,227,169,0
12,162,55,185,1
3,307,373,180,0
12,347,11,102,1
12,125,58,79,1
12,274,207,117,0
6,322,175,155,0
7,70,127,110,0
11,147,414,121,0
4,255,292,146,0
8,223,489,97,0
8,372,481,120,0
6,101,250,166,0
12,368,352,189,0
3,114,211,96,0
9,211,32,85,1
10,77,195,104,0
5,15,216,168,0
10,213,173,175,1
10,376,165,144,0
11,78,327,86,0
2,401,377,102,0
3,234,193,171,0
2,359,118,189,1
8,433,390,158,0
8,146,414,165,0
9,494,228,155,0
3,97,447,130,0
12,434,39,88,1
8,465,305,176,0
2,162,498,71,0
3,275,318,147,0
10,7,202,194,0
3,69,310,129,0
9,380,258,56,0
2,268,351,125,0
2,176,314,172,0
5,217,448,195,0
4,103,12,91,1
3,325,308,183,0
3,158,62,190,1
3,494,104,124,1
1,442,21,103,1
10,471,88,155,1
12,74,139,54,0
8,25,131,64,0
8,143,154,173,1
10,479,165,132,0
11,69,287,159,0
6,173,90,120,1
4,71,119,189,1
6,383,92,75,0
5,476,309,135,0
4,272,4,80,1
6,423,365,185,0
2,9,147,80,0
10,337,119,185,1
12,46,146,198,1
8,81,465,86,0
8,478,464,58,0
2,410,318,199,0
12,211,184,61,0
11,136,3,178,1
8,167,150,135,0
9,366,366,68,0
12,419,216,121,0
2,371,406,86,0
1,195,473,194,0
7,288,241,197,0
6,382,340,152,0
1,84,63,62,0
9,91,472,123,0
5,206,79,51,0
5,438,216,73,0
8,404,135,60,0
11,488,172,86,0
4,289,420,197,0
7,464,371,67,0
4,138,252,186,0
1,23,272,120,0
1,175,478,139,0
9,176,489,116,0
3,224,123,53,0
10,214,485,56,0
2,373,331,195,0
8,147,261,72,0
7,354,18,62,1
9,416,461,131,0
4,208,129,126,0
9,419,350,86,0
1,219,383,120,0
6,399,115,60,0
11,370,134,195,1
11,306,337,198,0
5,338,273,149,0
4,155,279,78,0
9,43,304,178,0
10,203,113,150,1
4,171,72,61,0
12,395,282,108,0
7,7,382,53,0
10,397,456,91,0
5,162,196,74,0
4,247,499,111,0
1,152,220,55,0
10,286,380,164,0
5,280,301,132,0
3,254,178,82,0
5,77,195,154,0
6,79,311,87,0
12,203,266,73,0
10,10,495,192,0
10,454,266,196,0
3,267,455,79,0
1,166,238,127,0
5,20,341,157,0
3,469,233,57,0
9,449,117,67,0
3,14,478,86,0
9,236,192,151,0
5,454,468,196,0
5,44,58,90,1
10,417,395,175,0
7,101,427,113,0
5,238,167,81,0
7,4,56,187,1
1,83,65,199,1
6,15,290,196,0
2,121,368,150,0
11,122,246,98,0
12,358,434,99,0
3,121,474,189,0
12,98,184,92,0
6,323,242,180,0
2,288,118,128,1
8,393,377,100,0
3,59,191,93,0
1,438,197,197,0
6,176,468,79,0
3,447,183,181,0
4,75,397,102,0
1,224,455,157,0
2,362,10,78,1
3,377,250,197,0
6,499,424,194,0
2,272,194,84,0
4,411,192,141,0
5,99,62,135,1
8,311,21,162,1
2,312,250,122,0
9,44,15,189,1
10,391,353,62,0
4,204,400,176,0
9,356,400,72,0
2,443,91,96,1
5,312,169,123,0
6,463,215,156,0
7,390,110,113,1
6,495,343,188,0
12,192,170,171,1
5,11,412,97,0
10,257,455,198,0
9,6,33,71,1
3,187,450,76,0
11,263,428,193,0
1,99,375,136,0
8,114,224,61,0
6,277,361,173,0
6,160,162,175,1
5,422,346,82,0
2,454,185,53,0
5,484,189,160,0
12,126,72,125,1
11,363,283,161,0
7,321,313,168,0
5,479,422,91,0
7,40,229,131,0
4,64,211,63,0
2,192,374,169,0
5,270,233,70,0
5,283,293,112,0
9,66,400,71,0
8,7,71,139,1
6,339,484,158,0
11,346,246,169,0
3,68,333,90,0
9,414,167,64,0
9,110,477,114,0
12,473,413,98,0
1,223,402,147,0
4,441,325,114,0
1,272,406,69,0
3,434,482,76,0
10,67,265,139,0
11,130,405,168,0
1,46,361,65,0
9,297,285,189,0
3,50,419,139,0
11,312,124,118,0
8,278,356,102,0
10,377,364,133,0
8,70,276,137,0
5,79,329,69,0
8,165,216,93,0
1,52,329,155,0
7,435,465,149,0
4,323,258,75,0
3,452,191,161,0
1,312,462,52,0
1,391,66,162,1
9,460,454,79,0
12,110,315,89,0
4,498,422,144,0
2,82,82,177,1
1,106,143,87,0
11,95,88,62,0
7,167,276,161,0
3,258,14,170,1
8,117,3,143,1
10,225,70,116,1
1,340,30,68,1
7,94,326,196,0
11,495,135,110,0
4,452,299,162,0
2,399,19,117,1
4,477,293,162,0
3,390,317,72,0
5,259,6,78,1
10,226,302,136,0
2,291,278,184,0
9,31,310,81,0
7,78,4,111,1
3,335,85,96,1
10,43,316,193,0
12,62,225,134,0
4,334,447,111,0
1,226,243,117,0
1,332,9,72,1
12,434,401,110,0
8,406,426,145,0
10,95,489,67,0
12,290,68,187,1
11,336,80,108,1
3,179,276,93,0
5,496,80,98,1
12,258,141,148,1
3,476,58,154,1
5,386,308,198,0
12,145,353,178,0
10,150,266,164,0
4,233,307,172,0
8,84,234,88,0
1,189,163,58,0
10,72,56,84,1
5,123,131,99,0
7,155,186,82,0
12,44,196,186,0
5,481,482,188,0
8,375,263,72,0
9,311,347,100,0
1,346,227,113,0
1,41,158,77,0
7,261,265,77,0
9,471,13,52,1
12,330,14,109,1
3,495,383,100,0
2,100,362,163,0
6,73,331,188,0
1,139,72,119,1
1,353,209,100,0
2,221,169,197,1
2,66,296,62,0
3,274,350,79,0
6,339,84,133,1
11,10,473,190,0
2,434,451,92,0
12,470,177,140,0
7,428,196,76,0
9,185,168,86,0
11,21,196,92,0
11,59,410,54,0
7,465,432,150,0
10,325,477,185,0
2,282,205,64,0
8,387,17,177,1
11,110,386,50,0
4,426,246,101,0
6,172,89,152,1
12,195,468,100,0
9,412,297,70,0
9,258,35,50,1
2,326,399,191,0
6,118,412,111,0
11,207,17,170,1
4,90,259,188,0
9,382,209,100,0
9,482,236,58,0
6,173,196,180,0
9,292,107,131,1
3,160,245,78,0
1,302,411,193,0
1,183,83,58,0
8,48,130,116,0
10,485,454,67,0
9,192,1,118,1
6,287,168,164,0
4,126,213,136,0
2,125,298,130,0
4,127,485,155,0
7,182,272,174,0
10,93,476,61,0
10,192,32,116,1
2,50,53,62,1
2,469,102,113,1
10,128,198,120,0
2,371,115,183,1
8,331,13,62,1
7,169,244,160,0
7,458,83,105,1
6,230,109,170,1
2,346,274,172,0
1,334,277,82,0
3,110,305,163,0
11,479,15,108,1
9,207,67,134,1
11,276,44,100,1
9,342,200,163,0
5,198,165,94,0
11,371,202,78,0
6,295,492,176,0
4,363,297,126,0
5,143,158,133,0
1,29,399,154,0
7,174,217,69,0
9,57,448,110,0
2,344,381,159,0
6,248,96,127,1
6,326,265,69,0
5,392,192,70,0
3,384,439,144,0
10,190,81,98,1
1,217,433,152,0
9,200,490,67,0
5,287,42,190,1
8,365,88,148,1
8,263,131,61,0
10,44,185,176,0
12,216,32,101,1
12,255,493,66,0
4,390,194,88,0
2,444,44,181,1
12,49,368,116,0
3,221,459,86,0
6,452,140,130,0
7,42,462,181,0
12,227,30,112,1
11,4,40,97,1
2,308,481,56,0
10,211,311,120,0
5,229,476,96,0
6,367,415,95,0
4,93,272,123,0
7,178,301,131,0
12,155,188,76,0
8,499,376,187,0
10,256,128,115,0
11,311,409,128,0
8,333,305,161,0
7,153,270,119,0
10,228,378,61,0
10,267,464,85,0
1,449,256,92,0
7,427,467,71,0
11,331,53,168,1
6,153,97,165,1
12,127,411,172,0
12,15,425,77,0
5,1,28,97,1
6,302,204,190,0
5,317,345,99,0
6,324,220,186,0
4,285,5,181,1
8,333,99,107,1
11,106,54,78,1
7,206,293,73,0
12,332,374,193,0
11,328,354,111,0
3,115,387,114,0
1,310,223,143,0
5,294,320,149,0
12,62,403,157,0
8,25,63,152,1
8,173,298,73,0
7,265,269,189,0
5,122,499,68,0
9,289,154,67,0
1,491,340,167,0
4,232,488,142,0
12,26,266,198,0
6,447,485,154,0
7,259,267,123,0
3,75,37,80,1
3,145,121,196,1
5,107,344,158,0
1,159,456,188,0
6,387,235,172,0
2,226,71,63,0
10,147,469,161,0
2,32,12,152,1
7,339,136,119,0
1,289,14,81,1
11,84,254,179,0
6,391,490,55,0
1,168,390,154,0
8,276,396,150,0
10,227,298,82,0
8,43,169,134,0
4,116,113,78,0
8,445,445,82,0
2,335,77,165,1
1,271,264,88,0
4,64,484,147,0
9,210,489,187,0
11,240,339,118,0
5,408,435,64,0
12,176,448,143,0
11,293,369,84,0
10,157,274,84,0
4,191,182,126,0
2,393,321,74,0
6,47,382,60,0
8,258,181,155,0
1,460,127,167,1
9,405,134,167,1
7,473,293,150,0
8,233,335,79,0
1,221,303,140,0
4,128,269,64,0
4,152,140,62,0
11,82,47,105,1
2,90,349,79,0
11,14,354,84,0
10,371,365,54,0
12,178,83,123,1
3,63,499,84,0
9,344,341,64,0
12,186,456,116,0
10,237,495,184,0
7,117,267,162,0
10,276,309,149,0
6,365,445,127,0
11,55,23,154,1
7,73,112,92,0
10,110,1,190,1
1,430,67,185,1
12,147,237,122,0
4,256,432,106,0
9,485,177,195,1
4,243,70,86,1
4,483,370,165,0
11,212,271,123,0
4,9,19,53,1
9,225,488,98,0
4,361,30,74,1
1,148,234,181,0
4,390,68,160,1
10,349,432,134,0
3,230,481,86,0
9,389,434,166,0
10,376,319,156,0
5,235,467,90,0
6,172,201,158,0
4,63,370,169,0
2,88,475,134,0
10,47,146,184,1
4,259,365,60,0
2,138,298,130,0
5,102,244,183,0
11,112,178,130,0
6,43,125,129,1
1,289,186,109,0
4,280,441,174,0
1,499,11,181,1
11,359,18,86,1
7,198,462,170,0
12,74,274,61,0
5,324,237,198,0
9,100,30,121,1
5,211,420,87,0
10,244,36,116,1
3,204,232,64,0
11,427,41,183,1
5,433,300,141,0
2,67,480,172,0
3,304,146,148,1
3,399,371,127,0
8,51,234,139,0
5,387,161,152,0
3,234,452,63,0
6,205,143,135,0
3,463,482,178,0
11,377,50,137,1
11,397,71,147,1
11,373,491,150,0
6,201,378,80,0
4,132,1,116,1
10,411,247,84,0
2,362,157,68,0
11,234,244,183,0
12,355,494,135,0
4,239,374,197,0
12,25,253,90,0
3,403,279,148,0
6,74,202,192,0
6,99,38,125,1
12,138,96,94,0
2,496,183,123,0
3,426,463,163,0
12,17,121,159,1
10,214,143,145,1
7,1,109,129,1
7,79,79,165,1
5,329,22,114,1
1,420,177,194,1
10,152,446,172,0
10,23,196,158,0
9,235,243,144,0
3,27,334,197,0
7,335,230,106,0
7,158,265,178,0
2,420,49,53,1
10,285,492,56,0
7,370,264,179,0
8,261,41,129,1
9,349,258,115,0
2,279,50,189,1
3,255,255,86,0
3,43,455,184,0
2,9,408,70,0
11,53,412,180,0
9,9,254,73,0
11,164,192,121,0
5,315,36,180,1
12,105,282,78,0
8,265,437,174,0
8,299,246,160,0
1,242,115,67,0
12,105,204,64,0
7,239,398,160,0
3,11,112,139,1
10,150,179,130,0
2,353,117,125,1
6,4,379,62,0
2,447,172,115,0
2,236,344,163,0
10,169,228,147,0
8,212,234,199,0
1,46,322,156,0
7,44,419,67,0
11,321,209,55,0
7,476,204,177,0
12,77,377,109,0
4,442,238,160,0
9,441,351,162,0
10,9,329,83,0
5,120,377,174,0
10,187,282,117,0
8,60,216,102,0
8,234,96,176,1
5,300,231,93,0
11,373,431,58,0
3,439,413,92,0
2,22,163,192,1
8,420,54,104,1
2,483,337,109,0
8,425,159,195,1
12,306,55,68,1
3,422,488,172,0
5,193,260,137,0
5,477,145,175,1
10,96,162,64,0
11,405,326,148,0
10,225,203,58,0
7,346,8,132,1
1,440,455,130,0
10,481,138,83,0
6,183,58,147,1
9,344,210,94,0
7,430,353,163,0
9,336,383,53,0
10,324,481,67,0
6,243,25,62,1
10,222,156,164,1
11,290,268,162,0
4,335,184,52,0
6,455,398,97,0
7,414,466,75,0
2,235,460,113,0
7,447,319,108,0
9,376,412,74,0
10,387,466,122,0
4,227,71,96,1
4,216,161,147,0
7,422,10,168,1
3,389,396,197,0
2,436,349,181,0
10,26,436,105,0
5,240,241,64,0
7,418,189,111,0
4,285,347,116,0
6,106,105,55,0
12,405,414,122,0
4,126,391,74,0
1,338,31,161,1
6,235,145,125,0
5,35,490,93,0
9,356,431,150,0
4,232,295,59,0
11,480,323,72,0
12,209,25,169,1
12,401,73,190,1
3,398,57,158,1
12,253,180,165,0
8,452,49,161,1
6,284,465,148,0
7,31,456,162,0
6,469,295,163,0
7,110,225,128,0
3,496,240,84,0
5,140,165,183,1
3,129,20,65,1
6,135,371,169,0
9,487,2,192,1
6,195,352,95,0
9,322,79,153,1
9,178,307,132,0
8,28,455,174,0
11,174,383,75,0
12,49,34,71,1
10,73,132,73,0
12,41,438,88,0
4,412,288,60,0
7,240,31,105,1
3,26,371,87,0
8,463,340,184,0
3,317,375,122,0
11,8,409,183,0
8,66,154,152,0
5,303,230,132,0
12,336,100,63,0
5,479,390,143,0
9,434,415,88,0
11,177,296,139,0
3,140,397,165,0
3,140,328,122,0
1,254,12,119,1
7,248,241,134,0
3,164,325,154,0
6,363,320,165,0
1,42,445,107,0
8,127,151,75,0
11,464,348,124,0
10,464,123,140,1
8,479,197,99,0
1,342,266,112,0
1,299,51,98,1
8,271,485,67,0
12,330,486,174,0
12,414,443,117,0
7,451,185,75,0
12,414,365,179,0
7,173,401,174,0
8,322,498,95,0
4,103,1,150,1
12,261,124,177,1
1,324,295,162,0
9,306,166,52,0
8,157,341,81,0
10,154,368,137,0
9,57,276,72,0
1,390,418,145,0
5,344,360,65,0
3,280,263,127,0
6,53,19,115,1
7,314,358,99,0
12,33,128,185,1
9,343,31,159,1
3,440,34,85,1
2,49,259,85,0
12,322,244,142,0
3,465,320,170,0
7,192,46,103,1
2,387,252,173,0
9,106,38,88,1
3,366,337,140,0
1,376,400,128,0
6,497,38,101,1
2,376,468,171,0
12,83,189,145,0
9,194,356,109,0
9,215,301,159,0
9,224,327,77,0
8,247,42,182,1
7,145,66,71,1
5,303,478,103,0
8,324,291,59,0
3,320,85,199,1
8,241,137,78,0
1,433,153,70,0
1,147,35,107,1
3,291,230,63,0
4,248,130,113,0
6,383,276,166,0
6,64,85,175,1
12,349,29,130,1
2,258,375,164,0
8,139,257,147,0
3,276,312,197,0
4,175,476,119,0
7,468,355,57,0
2,492,1,61,1
10,333,190,62,0
2,257,132,72,0
2,233,452,128,0
11,202,132,104,0
5,272,447,75,0
5,396,88,65,0
2,261,158,143,0
3,292,325,196,0
3,234,420,153,0
8,393,367,66,0
2,415,467,59,0
11,127,411,96,0
2,219,317,75,0
11,50,459,193,0
6,445,474,132,0
2,410,325,96,0
5,63,228,89,0
5,141,132,181,1
1,404,141,160,1
2,373,482,186,0
7,55,484,192,0
4,43,416,125,0
8,251,382,166,0
8,247,402,83,0
6,10,331,93,0
4,322,119,76,0
10,8,399,54,0
8,242,231,134,0
2,299,125,148,1
4,392,97,60,0
7,485,246,186,0
11,49,420,195,0
8,338,479,96,0
11,362,425,129,0
7,331,369,112,0
5,229,90,194,1
12,204,244,138,0
12,417,375,112,0
7,298,282,105,0
11,193,120,177,1
9,341,280,175,0
11,241,478,157,0
8,95,61,133,1
8,4,404,194,0
6,375,56,174,1
1,116,344,179,0
12,75,240,85,0
4,130,46,177,1
7,180,114,184,1
1,426,53,127,1
8,491,302,105,0
9,230,303,89,0
5,377,334,66,0
3,103,365,146,0
7,104,68,73,1
1,147,6,135,1
2,439,33,197,1
6,284,14,189,1
11,470,122,114,0
3,153,17,92,1
1,57,19,198,1
2,93,411,146,0
7,129,19,55,1
10,311,168,99,0
6,204,0,56,1
11,250,395,148,0
7,298,305,187,0
2,19,78,66,0
7,232,19,70,1
11,310,107,81,0
8,95,9,160,1
3,118,379,53,0
8,463,60,108,1
10,188,281,168,0
1,392,93,185,1
4,404,244,155,0
1,267,279,199,0
2,412,474,164,0
8,45,325,116,0
7,166,467,198,0
6,105,299,165,0
4,221,95,183,1
6,134,262,135,0
9,324,197,136,0
6,294,201,50,0
11,168,113,166,1
10,307,350,192,0
9,102,480,142,0
10,445,115,92,0
10,135,33,165,1
9,107,369,94,0
8,374,194,160,0
3,437,298,93,0
3,455,57,113,1
10,320,331,168,0
1,162,116,87,0
8,458,411,66,0
9,459,19,60,1
8,195,22,156,1
2,197,304,120,0
10,86,18,103,1
1,184,282,193,0
8,228,46,97,1
3,218,384,75,0
8,65,242,126,0
1,259,362,139,0
4,63,384,165,0
5,247,310,143,0
5,57,25,174,1
1,105,191,128,0
7,201,17,151,1
11,350,290,112,0
4,227,403,93,0
7,211,457,184,0
4,251,13,75,1
12,353,414,145,0
11,339,123,105,0
10,54,339,187,0
11,7,384,183,0
6,312,386,121,0
2,446,11,174,1
11,345,139,193,1
1,326,188,156,0
6,475,447,76,0
6,313,381,167,0
10,76,177,69,0
11,56,219,117,0
12,116,284,178,0
3,240,207,66,0
2,180,445,122,0
6,339,415,133,0
6,387,367,62,0
5,263,243,181,0
4,25,411,134,0
1,428,327,67,0
9,403,74,188,1
7,366,496,105,0
5,432,313,138,0
6,19,131,55,0
6,28,92,122,1
2,17,191,171,0
11,296,158,186,1
9,210,394,165,0
7,367,56,146,1
9,142,125,154,1
11,89,446,170,0
3,429,307,140,0
2,29,379,55,0
3,498,483,120,0
9,350,21,126,1
7,391,449,85,0
12,213,96,105,1
6,106,145,143,0
9,247,213,174,0
2,480,383,143,0
9,87,242,100,0
9,391,477,174,0
9,472,128,170,1
6,129,233,168,0
2,221,269,147,0
12,148,106,147,1
11,198,15,179,1
9,445,190,161,0
12,203,69,170,1
6,388,26,130,1
11,100,280,85,0
5,304,265,70,0
4,193,61,176,1
9,315,88,77,0
6,479,280,126,0
8,479,23,171,1
3,178,108,99,0
2,358,60,127,1
2,147,20,192,1
9,483,423,131,0
12,31,99,86,0
12,469,388,115,0
8,113,439,164,0
12,166,338,138,0
6,405,167,169,1
12,430,21,105,1
10,206,492,183,0
4,267,460,159,0
10,402,435,190,0
8,303,363,190,0
2,301,240,110,0
4,460,467,189,0
7,29,415,104,0
8,174,230,54,0
5,362,226,56,0
7,268,64,135,1
5,435,349,191,0
10,118,307,177,0
5,75,260,87,0
5,49,300,131,0
2,96,283,97,0
1,496,13,149,1
12,86,40,82,1
7,479,480,125,0
9,123,180,76,0
12,23,359,171,0
3,26,489,117,0
8,83,85,53,0
5,450,416,76,0
7,233,33,79,1
2,83,141,161,1
2,111,84,163,1
7,457,451,133,0
7,369,24,83,1
7,389,1,174,1
1,230,139,196,1
7,26,335,173,0
7,110,181,169,0
9,48,142,172,1
11,69,445,66,0
2,214,38,187,1
11,28,144,182,1
8,157,74,159,1
7,376,63,64,1
9,236,9,197,1
9,77,317,77,0
9,358,384,164,0
7,264,136,136,0
1,193,33,120,1
10,271,178,78,0
8,43,366,123,0
9,287,257,98,0
10,144,279,113,0
6,194,322,182,0
7,109,444,104,0
1,272,343,68,0
5,199,74,84,1
12,157,201,58,0
11,260,343,174,0
12,198,486,199,0
3,180,491,176,0
2,33,239,109,0
10,18,112,175,1
5,496,380,139,0
7,140,70,94,1
1,135,178,78,0
8,83,59,55,0
3,459,5,120,1
2,414,76,67,0
5,151,16,80,1
2,156,282,100,0
10,432,12,142,1
4,281,138,178,1
12,61,209,150,0
2,399,437,133,0
1,287,132,135,1
11,315,204,62,0
8,276,79,64,0
12,386,462,183,0
2,230,475,133,0
5,481,328,181,0
4,389,270,172,0
1,430,451,170,0
1,480,238,78,0
5,435,165,122,0
6,12,297,114,0
12,245,145,127,0
3,493,388,171,0
10,273,178,122,0
3,10,91,108,1
4,248,132,159,1
12,287,499,127,0
2,12,246,144,0
5,184,157,160,1
8,297,400,57,0
8,497,30,149,1
10,437,299,185,0
11,133,265,183,0
1,281,129,112,0
9,454,7,173,1
5,310,18,107,1
2,68,175,67,0
3,351,154,71,0
1,320,390,136,0
3,131,194,101,0
10,62,93,135,1
12,300,355,196,0
7,82,148,104,0
9,293,20,60,1
7,83,22,104,1
12,23,302,192,0
8,194,208,109,0
2,324,164,104,0
6,78,108,158,1
9,373,134,83,0
10,475,29,163,1
9,47,225,116,0
6,439,214,57,0
2,73,234,97,0
7,126,66,187,1
7,445,163,121,0
1,19,62,107,1
9,147,369,99,0
12,257,31,108,1
2,347,193,177,0
1,154,499,95,0
11,367,429,89,0
7,295,481,195,0
5,181,254,113,0
10,327,378,164,0
2,122,16,74,1
7,423,81,149,1
4,128,357,120,0
3,205,79,60,0
10,244,258,59,0
6,390,33,186,1
7,63,75,119,1
12,177,219,110,0
2,357,423,176,0
11,194,65,124,1
5,446,354,182,0
11,19,86,161,1
12,205,39,127,1
6,318,440,153,0
4,177,446,121,0
1,483,421,104,0
7,268,387,58,0
10,250,359,67,0
10,158,7,164,1
5,47,110,58,0
6,449,148,81,0
1,269,217,97,0
8,268,380,75,0
3,150,270,176,0
3,103,189,143,0
12,449,141,101,0
6,308,118,85,0
9,21,404,133,0
6,361,291,58,0
8,384,304,170,0
3,281,126,77,0
1,59,234,174,0
10,433,430,128,0
3,81,282,121,0
12,264,6,189,1
9,441,457,96,0
12,159,428,160,0
6,336,416,70,0
1,193,221,104,0
2,271,55,162,1
7,73,167,178,1
12,173,198,144,0
3,426,99,137,1
6,259,270,76,0
4,268,57,191,1
5,135,142,89,0
1,111,238,174,0
4,420,416,155,0
9,103,90,197,1
6,97,209,179,0
3,489,474,77,0
1,346,165,100,0
9,494,495,79,0
2,220,462,125,0
3,280,11,86,1
8,352,288,120,0
12,240,146,85,0
4,125,482,123,0
8,183,123,164,1
7,400,484,74,0
3,190,352,90,0
9,453,168,60,0
8,225,414,125,0
2,19,34,191,1
7,47,290,113,0
7,239,241,117,0
11,305,99,152,1
6,89,352,191,0
5,57,13,83,1
9,312,2,173,1
4,64,377,191,0
9,298,457,68,0
5,364,465,160,0
12,270,30,121,1
10,322,296,123,0
1,404,55,144,1
1,462,358,182,0
2,195,265,141,0
3,300,271,90,0
8,84,77,93,1
11,287,336,128,0
1,335,351,91,0
10,234,144,198,1
3,339,306,50,0
7,241,61,134,1
7,246,421,167,0
6,430,194,75,0
12,106,176,154,0
1,383,476,77,0
7,235,456,178,0
11,87,66,154,1
5,368,161,75,0
3,149,270,118,0
9,8,116,60,0
11,189,318,147,0
5,451,229,56,0
12,3,158,196,1
12,296,140,114,0
1,83,391,71,0
12,405,137,160,1
6,296,137,68,0
2,466,489,70,0
8,311,41,143,1
7,146,99,175,1
1,206,423,149,0
8,80,216,148,0
10,404,66,127,1
11,110,317,51,0
4,343,67,127,1
5,292,286,99,0
3,118,79,81,1
9,84,316,184,0
5,423,434,83,0
2,85,315,192,0
1,102,228,115,0
11,24,57,65,1
11,134,64,186,1
10,452,394,147,0
9,224,18,147,1
10,188,122,77,0
10,38,373,72,0
5,311,111,81,0
7,425,186,143,0
10,214,464,197,0
5,230,427,87,0
4,492,100,149,1
2,500,325,74,0
3,369,215,116,0
2,370,58,176,1
4,285,159,189,1
10,204,102,133,1
7,180,189,140,0
12,307,165,95,0
6,243,350,92,0
4,298,318,87,0
7,205,348,136,0
9,490,415,118,0
8,186,292,136,0
10,141,481,185,0
8,134,210,178,0
6,195,324,118,0
3,10,238,139,0
8,458,477,54,0
7,380,499,104,0
4,272,463,82,0
9,14,272,149,0
3,436,292,107,0
3,58,462,192,0
9,498,254,81,0
1,347,473,52,0
2,396,235,109,0
11,200,400,88,0
4,69,89,185,1
6,92,211,118,0
5,3,162,121,0
12,471,153,124,0
11,466,161,135,0
1,478,438,179,0
12,157,267,158,0
12,356,94,79,0
12,339,482,87,0
12,228,6,74,1
12,158,357,144,0
7,352,310,129,0
10,409,402,199,0
5,353,339,199,0
9,168,57,86,1
11,79,280,190,0
1,96,280,103,0
8,249,376,191,0
11,366,402,87,0
5,309,216,100,0
1,226,485,90,0
10,314,344,85,0
2,47,196,142,0
10,241,89,94,1
10,137,49,82,1
3,488,52,125,1
4,119,247,90,0
4,311,274,112,0
4,466,149,107,0
9,412,113,90,0
8,377,289,183,0
4,280,133,167,1
12,307,254,181,0
1,249,302,50,0
12,363,51,94,1
9,484,155,134,0
7,309,164,135,0
7,123,296,129,0
12,316,74,120,1
12,424,82,170,1
2,419,233,183,0
7,475,440,183,0
12,472,358,145,0
3,54,340,195,0
6,417,496,56,0
12,280,488,147,0
6,359,257,178,0
6,347,63,185,1
3,353,90,118,1
1,258,358,141,0
8,107,249,185,0
7,349,491,172,0
6,339,34,103,1
11,231,295,142,0
4,285,318,95,0
4,177,37,100,1
5,217,87,58,0
5,399,98,59,0
4,213,96,78,0
8,383,448,135,0
5,132,54,114,1
11,135,374,79,0
11,174,65,150,1
1,329,283,191,0
3,364,476,144,0
7,78,425,62,0
10,493,27,138,1
6,352,374,70,0
7,377,377,196,0
5,488,282,69,0
9,36,431,103,0
4,475,79,110,1
12,408,258,59,0
2,127,194,56,0
7,299,368,78,0
5,414,349,120,0
3,276,235,56,0
6,87,222,143,0
4,266,401,185,0
2,404,6,54,1
7,72,496,78,0
4,61,278,108,0
2,301,218,69,0
7,123,369,80,0
1,230,39,116,1
10,450,259,122,0
11,360,190,73,0
2,114,40,139,1
11,319,312,90,0
4,337,365,191,0
1,83,127,103,0
9,415,297,140,0
4,392,494,63,0
1,8,413,80,0
6,384,257,138,0
8,243,295,115,0
9,37,411,128,0
10,427,210,69,0
9,371,9,84,1
7,21,332,136,0
5,258,33,97,1
2,232,470,55,0
9,37,467,168,0
7,321,332,198,0
7,227,160,69,0
11,227,429,188,0
11,118,302,179,0
6,148,237,147,0
12,281,267,52,0
11,155,422,77,0
1,287,394,141,0
1,227,73,123,1
6,207,275,140,0
11,143,183,87,0
12,204,195,72,0
2,288,454,81,0
11,14,396,162,0
1,52,152,116,0
7,213,243,146,0
11,498,104,144,1
11,174,352,74,0
1,392,458,193,0
8,308,130,181,1
5,175,40,111,1
10,29,475,58,0
11,117,207,188,0
12,56,74,55,0
5,246,62,182,1
6,471,364,154,0
8,486,292,70,0
4,128,361,53,0
2,173,180,104,0
8,279,491,148,0
1,365,493,99,0
4,406,145,134,0
12,80,299,170,0
6,51,181,107,0
4,65,300,172,0
12,285,43,132,1
7,216,25,55,1
5,310,475,168,0
2,137,252,184,0
5,217,308,114,0
9,246,413,169,0
10,280,144,189,1
12,353,185,108,0
4,286,452,162,0
6,37,126,153,1
12,234,308,182,0
2,285,175,88,0
8,473,151,163,1
7,31,157,73,0
4,364,129,197,1
3,321,487,56,0
7,88,408,114,0
5,424,92,192,1
7,48,248,54,0
12,287,414,136,0
5,19,455,148,0
5,82,135,194,1
3,25,41,124,1
5,425,38,73,1
9,86,302,163,0
9,361,131,131,0
1,385,449,106,0
6,40,251,143,0
11,354,245,157,0
5,12,168,157,0
8,332,415,127,0
5,9,149,152,1
3,80,299,159,0
5,151,263,143,0
9,345,374,58,0
8,418,225,60,0
10,308,157,95,0
6,414,196,198,1
2,180,252,104,0
5,92,419,93,0
2,490,467,182,0
9,155,278,66,0
4,10,131,122,0
4,214,274,137,0
12,321,488,193,0
10,388,246,117,0
8,243,193,169,0
8,133,391,164,0
1,22,118,83,0
3,387,171,178,1
9,101,417,87,0
2,238,378,103,0
7,235,409,114,0
12,255,310,112,0
10,220,489,182,0
11,10,65,59,0
1,318,480,58,0
7,157,292,166,0
4,373,485,106,0
3,373,140,109,0
5,13,400,162,0
4,225,426,153,0
7,318,105,169,1
1,85,43,105,1
10,125,476,88,0
10,274,176,186,1
3,433,281,183,0
5,20,21,89,1
6,316,0,75,1
5,396,456,139,0
5,3,292,113,0
8,45,341,72,0
10,237,55,169,1
4,454,210,76,0
7,213,161,105,0
10,312,220,158,0
12,422,9,173,1
8,122,53,133,1
3,422,390,168,0
6,499,189,88,0
11,11,130,59,0
2,21,214,178,0
4,388,178,85,0
6,325,371,117,0
8,321,188,50,0
2,250,168,186,1
12,326,247,121,0
4,307,435,119,0
7,224,444,173,0
2,360,328,166,0
2,133,489,183,0
9,233,90,171,1
7,41,64,173,1
12,416,432,148,0
12,39,213,184,0
4,361,465,187,0
10,89,341,199,0
8,480,388,106,0
8,173,204,164,0
12,409,156,180,1
1,424,108,79,0
9,17,404,196,0
12,64,427,97,0
12,447,94,141,1
10,469,365,82,0
10,65,217,154,0
3,116,248,94,0
7,199,328,89,0
3,298,34,54,1
6,164,348,51,0
11,22,459,64,0
9,368,302,60,0
5,66,164,121,0
12,241,488,115,0
2,291,107,188,1
12,100,202,194,0
8,359,224,134,0
1,414,206,88,0
1,266,295,144,0
6,416,403,60,0
12,304,94,187,1
11,162,486,106,0
1,391,400,105,0
1,215,478,129,0
2,156,404,56,0
3,217,479,173,0
3,469,336,172,0
4,498,268,112,0
4,191,182,175,0
7,424,454,89,0
2,445,42,176,1
6,87,236,163,0
6,262,127,141,1
9,453,350,135,0
10,44,328,72,0
11,350,141,160,1
9,450,473,149,0
3,60,60,190,1
6,84,448,189,0
7,320,110,72,0
2,38,319,128,0
11,234,227,120,0
10,476,419,69,0
12,170,456,81,0
5,133,215,135,0
9,5,144,54,0
4,492,452,139,0
11,105,480,61,0
10,160,171,57,0
12,17,416,119,0
1,271,92,150,1
4,11,123,52,0
12,28,315,143,0
10,472,396,195,0
5,404,244,88,0
1,458,485,193,0
11,295,205,146,0
4,261,169,198,1
9,426,445,50,0
10,4,108,140,1
8,69,123,110,0
7,149,386,164,0
11,358,464,190,0
4,257,196,111,0
5,496,489,169,0
4,242,39,147,1
1,256,88,135,1
10,29,434,103,0
11,159,35,67,1
9,154,120,187,1
3,208,14,53,1
8,95,42,199,1
11,172,0,66,1
4,302,437,60,0
3,500,413,73,0
11,33,128,114,0
9,6,372,120,0
1,273,40,110,1
8,415,45,91,1
5,289,433,78,0
11,15,498,140,0
7,139,471,196,0
8,389,334,77,0
11,12,241,195,0
7,315,62,170,1
10,24,11,111,1
11,319,79,112,1
6,383,383,117,0
9,68,235,96,0
7,357,139,121,0
2,31,418,75,0
2,21,73,101,1
3,97,30,77,1
3,318,278,86,0
10,177,47,152,1
10,251,485,57,0
11,399,26,103,1
11,10,440,192,0
3,370,399,158,0
11,123,136,82,0
8,40,177,71,0
10,56,3,169,1
11,73,291,66,0
6,433,153,131,0
4,125,389,159,0
3,362,254,50,0
7,2,96,143,1
5,89,2,112,1
6,400,280,173,0
6,199,137,84,0
8,132,127,150,1
12,2,9,132,1
6,367,218,151,0
11,315,112,131,1
2,2,498,126,0
1,494,252,78,0
6,183,410,111,0
5,386,291,187,0
5,377,21,163,1
2,166,97,84,0
5,359,362,117,0
11,183,68,56,0
1,209,273,60,0
5,155,215,138,0
6,115,261,61,0
1,476,288,193,0
7,385,285,169,0
9,305,13,105,1
7,330,491,130,0
9,203,205,120,0
2,200,448,183,0
2,122,249,82,0
9,389,424,189,0
12,432,431,165,0
5,310,389,165,0
11,324,258,137,0
3,244,155,191,1
5,51,223,199,0
3,148,308,61,0
6,210,117,113,0
2,440,137,62,0
6,256,92,180,1
8,381,367,101,0
6,58,189,120,0
6,17,103,116,1
4,209,115,139,1
11,300,479,194,0
7,326,356,113,0
1,325,167,73,0
1,352,14,67,1
7,458,30,159,1
8,62,411,68,0
6,281,245,100,0
10,193,12,144,1
9,453,292,152,0
5,354,386,64,0
1,104,482,119,0
7,304,461,98,0
7,500,13,105,1
9,132,409,82,0
9,155,257,91,0
8,329,138,173,1
6,278,125,105,0
8,428,44,162,1
4,157,138,181,1
2,482,495,147,0
5,405,192,90,0
7,41,363,174,0
2,245,226,104,0
9,15,196,87,0
6,289,416,97,0
2,420,473,155,0
4,456,6,91,1
9,416,412,188,0
3,20,173,101,0
1,15,22,187,1
6,35,83,167,1
1,127,131,179,1
9,473,149,60,0
6,482,56,100,1
11,142,215,69,0
12,155,183,99,0
1,37,456,74,0
5,220,36,124,1
4,327,218,86,0
5,243,52,187,1
3,66,84,131,1
8,493,129,126,0
12,324,65,160,1
10,175,51,79,1
1,344,294,181,0
7,360,469,91,0
10,129,310,166,0
9,4,197,101,0
9,201,423,161,0
6,360,240,197,0
12,449,468,158,0
11,352,310,69,0
8,342,226,62,0
8,365,238,89,0
8,44,466,178,0
3,157,414,135,0
7,88,414,183,0
8,294,411,164,0
1,490,144,147,1
3,441,147,198,1
7,277,37,78,1
1,337,254,120,0
12,286,317,98,0
10,213,287,139,0
2,51,466,74,0
7,293,297,138,0
1,26,0,90,1
12,470,467,112,0
9,470,81,111,1
12,4,466,59,0
7,129,425,199,0
4,87,284,103,0
8,424,361,124,0
2,189,327,164,0
12,148,382,80,0
1,358,202,189,0
10,266,341,61,0
9,13,154,106,0
8,276,296,193,0
10,110,312,175,0
4,392,189,189,0
8,86,83,94,1
5,378,383,85,0
9,269,336,66,0
8,220,219,76,0
11,482,404,75,0
9,168,134,124,0
9,179,9,131,1
7,281,23,81,1
4,49,292,149,0
1,384,11,69,1
1,358,8,97,1
11,400,282,86,0
1,385,147,158,1
1,217,70,160,1
11,174,420,172,0
10,4,486,54,0
1,107,60,103,1
5,20,175,169,0
10,340,176,142,0
7,265,264,79,0
6,73,411,101,0
11,423,141,150,1
9,90,194,145,0
6,270,243,176,0
4,308,490,194,0
12,118,434,183,0
9,175,346,107,0
7,248,202,177,0
2,382,322,164,0
2,264,25,180,1
7,12,38,70,1
1,303,125,77,0
4,188,442,176,0
3,469,261,95,0
11,187,200,134,0
2,44,384,67,0
12,178,199,94,0
5,449,286,55,0
6,275,135,137,1
6,250,105,101,0
3,170,190,144,0
6,165,158,196,1
9,85,14,72,1
3,141,429,152,0
4,1,36,92,1
9,143,171,51,0
1,450,27,168,1
5,423,465,106,0
6,291,80,162,1
5,417,93,101,1
5,437,374,81,0
9,414,50,165,1
8,468,53,95,1
10,411,93,105,1
11,131,372,117,0
9,184,157,75,0
7,318,451,155,0
3,305,8,136,1
10,490,195,158,0
8,260,362,66,0
9,87,38,65,1
6,40,297,139,0
1,429,255,124,0
3,476,356,159,0
11,223,286,162,0
2,276,447,129,0
5,420,193,182,0
12,55,88,141,1
7,236,28,160,1
4,269,62,113,1
11,276,467,166,0
6,446,440,180,0
2,229,381,193,0
12,58,151,66,0
1,352,336,69,0
3,62,345,156,0
2,201,170,84,0
2,39,63,154,1
1,318,206,135,0
7,225,458,71,0
1,142,109,112,1
8,33,241,89,0
3,311,55,132,1
4,359,449,83,0
2,434,130,165,1
3,59,25,184,1
11,64,378,173,0
7,1,103,75,0
7,313,39,163,1
8,53,209,99,0
3,132,227,125,0
1,453,372,151,0
1,46,243,74,0
11,39,246,133,0
2,236,389,136,0
5,235,380,163,0
12,403,346,129,0
2,256,252,141,0
12,160,437,166,0
11,478,222,72,0
3,327,157,150,0
7,273,341,83,0
4,340,370,184,0
4,264,234,88,0
4,181,455,94,0
7,161,273,129,0
3,105,180,62,0
4,342,202,107,0
2,299,344,74,0
10,469,354,143,0
7,176,243,101,0
3,478,237,181,0
9,413,466,53,0
4,394,149,114,0
8,261,342,108,0
7,197,84,193,1
4,130,229,159,0
5,352,3,161,1
11,401,45,189,1
9,23,276,184,0
5,359,147,175,1
1,306,259,137,0
7,454,431,155,0
3,452,87,76,0
8,59,378,109,0
5,38,60,59,0
10,406,214,163,0
3,213,376,126,0
5,176,307,183,0
9,91,433,70,0
4,152,155,75,0
6,265,279,194,0
5,472,302,194,0
9,239,227,62,0
8,351,437,63,0
6,18,460,86,0
8,191,391,181,0
6,65,205,188,0
11,36,57,166,1
1,150,395,111,0
7,166,402,88,0
6,341,49,59,1
9,209,22,59,1
7,43,353,157,0
11,112,371,98,0
6,291,305,191,0
12,239,180,183,1
10,56,449,185,0
5,497,303,95,0
11,376,479,84,0
6,305,398,147,0
2,98,359,150,0
1,469,262,92,0
2,118,118,65,0
5,325,493,159,0
12,80,351,164,0
5,344,215,158,0
9,269,171,117,0
5,488,86,150,1
5,365,210,141,0
6,86,223,186,0
11,61,156,156,0
12,183,352,53,0
2,427,194,199,1
10,130,462,85,0
5,32,65,193,1
9,102,195,97,0
12,13,55,168,1
2,478,424,153,0
1,325,444,97,0
11,205,117,151,1
11,28,377,106,0
8,173,26,115,1
1,337,430,199,0
1,467,426,81,0
11,126,315,82,0
2,474,14,82,1
10,389,206,175,0
1,115,210,77,0
9,435,220,125,0
8,136,331,171,0
9,450,196,177,0
5,421,0,97,1
8,148,132,117,0
3,238,284,71,0
8,448,201,122,0
6,407,36,144,1
4,382,453,170,0
10,494,312,92,0
9,473,498,198,0
6,344,146,194,1
10,139,447,127,0
6,307,259,138,0
11,108,102,115,1
3,480,134,139,1
4,399,300,170,0
2,74,106,159,1
7,71,243,119,0
6,95,184,182,0
10,160,322,100,0
6,236,221,162,0
7,85,137,170,1
4,425,448,63,0
8,17,8,139,1
1,243,461,82,0
6,66,465,163,0
3,59,360,149,0
10,327,313,152,0
2,137,205,170,0
2,281,432,100,0
10,483,47,157,1
9,130,482,156,0
2,24,97,167,1
2,258,277,186,0
5,51,224,133,0
8,479,78,123,1
7,16,478,83,0
3,318,414,102,0
11,314,173,100,0
7,422,62,83,1
1,204,184,102,0
7,118,267,59,0
1,16,198,69,0
5,86,462,189,0
12,274,376,151,0
8,243,420,97,0
2,58,130,60,0
12,250,318,158,0
4,140,404,105,0
6,124,4,169,1
3,336,379,66,0
10,458,150,50,0
9,194,157,60,0
11,159,483,195,0
6,355,173,153,0
2,173,149,70,0
10,64,480,98,0
12,252,60,73,1
12,115,458,74,0
7,126,249,198,0
12,231,25,185,1
12,298,466,110,0
12,438,335,150,0
10,383,39,109,1
5,430,65,195,1
4,298,27,141,1
2,432,449,132,0
12,120,379,143,0
12,166,80,56,0
4,58,173,154,0
7,357,72,127,1
1,447,292,168,0
2,171,399,75,0
11,413,244,196,0
7,422,198,88,0
7,380,257,80,0
12,129,371,136,0
2,283,174,182,1
10,332,276,125,0
9,9,400,194,0
6,155,107,95,0
11,254,138,197,1
10,232,276,190,0
1,62,346,189,0
4,319,91,100,1
11,360,213,173,0
10,17,125,156,1
10,414,294,161,0
11,339,209,145,0
9,92,430,140,0
8,235,365,179,0
10,86,352,71,0
12,71,475,115,0
12,338,264,126,0
7,440,380,196,0
10,214,53,92,1
5,288,217,71,0
11,428,167,54,0
10,44,4,57,1
11,446,355,131,0
7,297,57,80,1
11,408,198,141,0
4,249,130,127,0
9,43,165,108,0
10,323,428,154,0
12,252,399,188,0
12,421,346,148,0
10,93,117,51,0
10,257,236,197,0
6,226,445,143,0
7,115,366,73,0
11,285,223,85,0
8,357,478,114,0
9,202,295,182,0
1,417,210,106,0
9,134,146,137,0
5,202,496,127,0
4,427,40,109,1
2,77,114,180,1
6,398,290,162,0
1,41,73,58,0
11,337,344,98,0
11,418,172,197,1
10,332,225,195,0
6,431,117,182,1
1,453,470,171,0
2,150,97,102,1
11,408,421,80,0
7,231,24,56,1
4,465,220,140,0
3,230,43,183,1
4,259,382,121,0
1,359,336,74,0
10,80,148,176,1
12,26,197,112,0
2,235,396,86,0
2,320,370,189,0
12,305,167,148,0
9,477,320,117,0
10,168,244,197,0
12,17,36,140,1
5,201,10,93,1
8,485,376,95,0
5,76,457,86,0
5,170,173,70,0
7,78,25,110,1
12,232,156,192,1
11,8,27,123,1
2,120,162,127,0
12,352,214,169,0
11,232,455,154,0
6,103,6,148,1
7,2,309,191,0
3,126,145,66,0
2,76,217,103,0
1,198,440,105,0
2,236,1,166,1
7,393,317,59,0
12,424,69,56,0
8,71,350,170,0
5,411,30,144,1
5,388,420,84,0
4,472,411,137,0
5,111,122,181,1
1,444,406,68,0
11,325,195,99,0
11,309,114,75,0
1,163,419,54,0
9,69,248,86,0
1,33,301,76,0
3,191,456,83,0
6,308,202,199,0
11,304,446,101,0
6,210,413,175,0
3,308,71,115,1
11,493,443,179,0
6,400,419,184,0
9,439,350,89,0
1,100,285,79,0
9,96,53,161,1
4,70,90,109,1
12,18,275,57,0
3,101,419,127,0
1,245,345,84,0
11,365,269,102,0
5,416,278,115,0
3,358,322,131,0
11,195,465,133,0
6,420,336,129,0
4,388,168,176,1
12,106,189,183,0
12,454,386,92,0
11,150,296,109,0
1,327,237,112,0
9,499,24,158,1
1,169,327,61,0
5,234,19,67,1
1,168,143,136,0
10,65,402,66,0
2,59,241,158,0
4,443,155,69,0
3,392,417,61,0
4,347,108,132,1
5,319,67,190,1
8,491,84,151,1
6,75,53,91,1
3,355,57,156,1
8,186,484,172,0
8,213,56,143,1
5,24,192,94,0
10,418,314,74,0
6,73,149,50,0
6,209,150,169,1
7,63,161,140,0
12,42,450,166,0
7,369,151,130,0
4,307,91,63,0
3,345,34,198,1
12,426,397,190,0
2,438,438,122,0
12,260,468,162,0
5,354,168,99,0
12,282,132,196,1
11,141,449,171,0
7,454,463,141,0
3,459,68,59,0
4,149,131,113,0
6,482,408,128,0
3,338,477,146,0
4,494,257,187,0
5,317,140,145,1
5,252,118,96,0
11,82,267,87,0
5,258,52,148,1
1,84,180,91,0
11,202,483,103,0
7,461,329,62,0
8,336,387,112,0
6,234,57,99,1
9,400,490,122,0
10,3,446,113,0
2,456,484,135,0
12,215,94,133,1
12,226,181,161,0
9,451,189,102,0
1,372,149,53,0
11,206,372,93,0
11,182,253,166,0
9,248,249,83,0
2,20,291,133,0
9,56,353,168,0
4,375,314,54,0
1,318,232,81,0
12,121,289,67,0
1,160,289,188,0
6,157,307,179,0
1,244,430,120,0
5,384,35,113,1
12,495,462,52,0
12,16,412,86,0
2,490,391,73,0
4,9,10,132,1
8,453,395,113,0
1,74,485,164,0
8,215,437,70,0
7,199,32,157,1
4,153,62,98,1
1,499,475,145,0
8,43,296,148,0
5,219,156,84,0
9,299,398,114,0
8,432,309,182,0
3,51,444,70,0
2,24,386,170,0
11,202,196,100,0
5,23,8,192,1
4,45,429,67,0
9,189,65,175,1
6,490,361,183,0
3,319,260,180,0
6,124,483,186,0
7,449,265,138,0
1,456,451,186,0
1,413,433,169,0
1,324,366,90,0
11,449,101,172,1
3,311,222,118,0
12,269,108,156,1
7,329,78,77,0
2,192,245,143,0
9,480,317,190,0
6,168,139,148,1
11,209,167,181,1
2,281,404,105,0
6,80,482,187,0
11,306,48,67,1
6,381,151,96,0
10,455,223,106,0
12,362,185,162,0
12,80,293,84,0
10,317,269,198,0
1,196,39,56,1
4,43,184,172,0
11,304,385,197,0
1,179,252,172,0
3,326,319,173,0
1,366,97,133,1
4,223,12,54,1
6,246,60,61,1
7,329,109,112,1
8,180,41,93,1
3,91,181,198,1
4,21,386,157,0
11,244,2,110,1
8,414,364,67,0
4,21,499,182,0
2,33,405,106,0
11,199,415,108,0
6,41,157,54,0
6,219,352,90,0
8,441,431,170,0
9,494,79,61,0
3,205,143,191,1
4,32,491,178,0
10,327,398,166,0
7,236,264,59,0
6,155,470,168,0
9,65,120,68,0
2,214,418,71,0
3,352,485,91,0
11,347,185,124,0
9,21,160,156,0
3,237,425,53,0
11,276,314,139,0
3,328,395,187,0
10,62,38,63,1
2,331,438,191,0
10,471,402,91,0
7,400,120,184,1
11,291,76,124,1
6,417,307,139,0
3,180,48,172,1
11,436,109,187,1
11,167,378,189,0
6,189,205,69,0
6,344,249,158,0
5,244,423,158,0
8,114,276,110,0
4,167,192,142,0
2,432,251,167,0
5,322,236,60,0
5,214,457,109,0
3,148,164,75,0
2,452,273,68,0
5,11,395,180,0
9,226,35,114,1
3,458,359,132,0
8,102,99,91,0
3,4,37,147,1
6,421,20,187,1
8,326,125,115,0
4,200,488,143,0
2,211,349,71,0
1,467,145,61,0
10,183,326,180,0
3,359,361,101,0
8,464,176,53,0
2,74,39,168,1
3,133,451,182,0
12,437,366,156,0
9,161,225,156,0
10,116,291,182,0
4,439,362,61,0
4,69,304,145,0
1,59,330,66,0
3,206,422,119,0
3,429,388,131,0
9,192,417,162,0
7,268,248,126,0
2,434,233,55,0
3,89,67,87,1
6,214,324,142,0
2,18,186,100,0
6,249,127,114,0
5,387,176,171,0
5,248,403,159,0
3,435,36,167,1
7,243,163,113,0
10,471,438,167,0
7,95,260,116,0
10,337,366,119,0
2,134,239,183,0
10,377,365,51,0
2,394,240,145,0
11,358,206,110,0
11,149,78,106,1
2,399,189,179,0
3,484,244,75,0
6,425,127,63,0
12,81,65,126,1
3,2,138,87,0
8,429,252,159,0
8,204,74,186,1
3,197,305,74,0
4,492,238,123,0
2,237,431,144,0
7,460,322,127,0
6,133,346,186,0
4,171,378,88,0
10,104,206,81,0
10,167,34,109,1
12,343,284,141,0
11,389,434,167,0
9,95,238,133,0
11,499,409,135,0
3,305,31,172,1
4,489,156,79,0
8,274,261,150,0
10,43,19,90,1
2,107,159,82,0
10,498,414,71,0
10,87,402,192,0
10,226,363,107,0
8,248,265,75,0
9,12,305,70,0
4,439,293,75,0
10,94,149,87,0
10,350,388,140,0
8,115,420,196,0
7,147,34,62,1
1,168,1,140,1
11,251,342,171,0
4,255,328,157,0
4,420,207,111,0
7,383,101,88,0
6,195,341,117,0
6,441,280,94,0
11,458,145,89,0
3,300,336,158,0
8,387,268,155,0
10,387,296,190,0
9,251,153,128,0
7,165,138,60,0
12,68,11,91,1
9,456,18,180,1
6,499,2,79,1
8,135,222,192,0
12,223,248,178,0
12,369,105,85,0
3,394,7,131,1
9,223,264,79,0
12,321,182,176,0
12,280,145,91,0
2,164,260,82,0
1,9,81,58,0
12,197,292,198,0
2,142,95,74,0
3,150,92,139,1
10,369,435,103,0
4,283,124,70,0
9,19,285,167,0
12,218,119,171,1
10,454,450,94,0
11,320,97,158,1
4,269,15,52,1
11,324,191,142,0
8,305,222,116,0
1,130,331,121,0
12,423,14,185,1
5,196,49,55,1
11,7,111,94,0
8,311,253,99,0
3,157,112,127,1
1,248,413,103,0
2,363,391,179,0
11,145,440,133,0
1,243,468,131,0
9,71,40,80,1
8,121,20,159,1
2,11,468,50,0
4,433,409,106,0
10,8,49,145,1
2,218,133,176,1
10,333,199,142,0
9,357,103,64,0
6,23,122,185,1
6,177,420,198,0
5,464,248,191,0
4,318,190,188,0
9,182,381,149,0
5,32,68,105,1
1,88,378,187,0
1,198,417,191,0
11,398,409,78,0
12,122,456,146,0
1,227,337,103,0
5,484,135,170,1
12,276,443,182,0
10,500,182,148,0
6,367,167,63,0
6,354,259,101,0
10,333,49,171,1
3,51,346,197,0
9,348,103,141,1
7,429,223,134,0
9,32,245,56,0
5,352,99,132,1
2,499,70,130,1
5,376,108,91,0
7,397,32,84,1
3,72,102,176,1
7,154,101,194,1
12,458,105,196,1
12,79,6,125,1
11,86,172,57,0
7,134,180,76,0
11,318,292,144,0
1,474,105,126,1
12,96,59,134,1
5,25,181,69,0
6,315,28,127,1
3,314,442,109,0
4,190,32,89,1
1,414,159,64,0
2,391,302,158,0
12,449,237,54,0
6,406,236,123,0
11,205,206,156,0
3,241,280,171,0
8,47,365,182,0
5,380,79,172,1
10,299,437,71,0
9,43,455,69,0
9,483,497,105,0
7,298,122,196,1
6,106,317,62,0
12,367,475,124,0
7,421,9,103,1
8,474,77,184,1
5,156,436,111,0
2,260,454,131,0
1,363,324,174,0
8,263,415,53,0
11,56,373,159,0
12,328,217,153,0
4,263,245,149,0
1,46,443,142,0
12,161,375,97,0
12,110,482,120,0
2,259,9,191,1
7,337,288,70,0
9,76,155,166,1
6,23,305,115,0
9,356,180,192,1
8,202,154,74,0
9,162,67,194,1
4,307,263,87,0
12,305,91,167,1
10,425,218,63,0
8,274,336,96,0
10,4,326,158,0
1,159,490,188,0
11,125,28,64,1
11,348,469,57,0
3,280,138,155,1
9,335,332,182,0
7,279,183,177,0
4,314,220,182,0
12,426,265,88,0
9,154,51,174,1
12,361,284,109,0
11,472,208,180,0
6,72,354,52,0
5,133,192,169,0
11,178,213,63,0
8,13,279,66,0
7,316,96,114,1
12,174,126,76,0
5,354,266,68,0
9,16,225,101,0
10,254,31,154,1
9,336,177,62,0
12,11,36,138,1
4,59,252,76,0
3,2,134,63,0
10,370,451,133,0
9,333,285,160,0
12,348,261,88,0
8,408,117,125,1
3,421,27,132,1
2,261,400,77,0
4,368,60,176,1
10,58,216,101,0
5,310,499,78,0
3,121,150,85,0
10,379,158,61,0
7,33,480,55,0
1,482,488,118,0
5,282,80,184,1
1,492,294,188,0
3,219,116,152,1
6,227,432,184,0
4,200,24,100,1
4,316,9,94,1
9,87,389,135,0
10,477,127,145,1
2,373,343,176,0
12,43,185,138,0
2,375,223,189,0
8,51,48,191,1
1,79,193,79,0
6,4,21,82,1
3,203,138,112,0
8,65,386,128,0
12,26,495,69,0
9,97,355,189,0
8,200,264,94,0
1,400,209,103,0
4,455,497,185,0
12,26,128,135,1
8,356,494,61,0
10,97,482,198,0
4,185,54,144,1
11,153,387,148,0
7,296,79,187,1
4,219,496,152,0
5,403,348,78,0
2,413,104,52,0
6,267,377,197,0
11,357,28,134,1
2,125,49,89,1
1,324,384,166,0
12,486,196,125,0
7,187,432,179,0
5,100,355,151,0
7,387,272,68,0
12,442,442,50,0
1,128,318,158,0
2,107,95,71,0
9,379,107,93,0
4,231,332,123,0
7,77,110,63,0
5,197,359,105,0
4,288,316,193,0
12,488,163,108,0
11,30,300,186,0
1,254,17,93,1
2,269,105,61,0
1,282,277,179,0
9,427,410,184,0
8,483,278,165,0
1,50,385,177,0
9,188,184,98,0
12,254,117,57,0
2,172,226,83,0
2,312,499,112,0
4,263,377,137,0
1,357,66,122,1
11,41,445,191,0
2,453,377,156,0
8,231,26,139,1
8,131,250,183,0
12,433,114,81,0
4,273,489,175,0
9,203,256,62,0
8,209,197,76,0
5,237,101,135,1
4,8,61,128,1
7,390,442,184,0
9,20,322,126,0
11,459,281,127,0
1,498,84,113,1
3,135,205,53,0
1,278,95,95,0
11,278,296,182,0
5,243,427,127,0
3,206,493,199,0
2,103,237,185,0
1,290,378,96,0
8,49,32,198,1
1,234,278,177,0
6,419,281,129,0
5,364,174,174,0
9,347,440,129,0
7,207,461,93,0
6,323,46,117,1
7,456,148,140,0
10,113,66,107,1
3,134,60,128,1
2,368,21,155,1
10,63,497,102,0
6,201,25,99,1
5,77,496,154,0
4,476,23,125,1
10,323,255,156,0
9,358,95,187,1
6,112,14,163,1
6,59,172,56,0
9,22,282,93,0
5,319,291,172,0
9,366,254,188,0
3,27,287,93,0
11,210,91,181,1
6,129,415,140,0
8,330,427,137,0
5,77,8,165,1
4,417,264,173,0
3,86,91,95,1
11,11,379,111,0
8,122,30,154,1
5,93,417,147,0
1,8,23,88,1
9,264,478,99,0
2,364,239,140,0
7,44,341,141,0
1,16,366,77,0
4,269,75,136,1
1,490,147,170,1
9,212,354,137,0
9,61,303,177,0
11,494,70,76,1
1,48,177,144,0
3,322,477,159,0
9,63,417,148,0
3,353,147,160,1
10,185,371,64,0
12,104,309,103,0
4,267,487,118,0
1,311,50,113,1
6,139,73,77,1
2,92,384,176,0
10,264,170,102,0
1,74,163,79,0
10,110,177,178,1
9,357,326,172,0
8,431,491,129,0
8,348,499,93,0
8,312,123,90,0
12,163,368,118,0
2,141,267,77,0
5,395,261,65,0
3,17,333,78,0
8,339,236,91,0
11,68,448,98,0
2,442,498,66,0
11,417,140,160,1
10,13,251,104,0
7,346,233,164,0
6,61,332,166,0
2,480,324,199,0
4,119,62,63,1
9,408,479,169,0
6,68,392,138,0
3,96,239,133,0
4,16,56,192,1
12,374,457,84,0
6,351,265,135,0
2,344,450,51,0
3,187,216,100,0
10,125,386,109,0
7,401,88,58,0
8,133,224,174,0
1,41,367,81,0
1,156,361,82,0
3,212,383,108,0
5,382,447,174,0
5,293,383,84,0
8,205,242,185,0
6,158,135,65,0
5,476,425,160,0
1,66,52,193,1
12,456,61,133,1
6,260,87,71,0
12,337,367,61,0
2,380,15,100,1
9,408,203,146,0
8,162,198,130,0
11,300,358,159,0
12,392,204,141,0
10,130,463,83,0
5,201,336,186,0
2,100,413,136,0
4,41,107,108,1
12,127,44,146,1
7,195,441,67,0
9,64,391,118,0
8,485,26,96,1
1,189,426,93,0
3,170,478,56,0
8,213,199,53,0
11,132,301,72,0
7,318,465,112,0
1,426,357,148,0
1,97,234,110,0
7,454,4,144,1
8,370,340,199,0
3,126,478,82,0
8,301,349,197,0
6,13,381,57,0
6,347,148,105,0
1,62,352,188,0
10,119,87,127,1
1,395,342,160,0
6,321,469,191,0
5,253,362,116,0
4,84,21,116,1
7,21,172,93,0
1,193,26,171,1
1,489,186,70,0
12,22,117,113,0
8,456,351,180,0
11,232,301,108,0
7,355,471,62,0
11,191,307,175,0
4,329,232,101,0
10,262,200,76,0
1,245,119,130,1
10,125,193,78,0
11,178,77,69,0
12,247,478,55,0
12,34,252,161,0
6,203,495,175,0
9,424,343,107,0
8,111,312,78,0
9,489,263,168,0
5,302,278,181,0
12,203,255,126,0
2,424,181,159,0
9,51,474,123,0
6,293,330,51,0
12,428,263,63,0
1,108,338,142,0
9,36,30,187,1
12,369,120,127,1
1,184,104,115,1
5,116,480,71,0
11,59,241,97,0
4,214,308,85,0
11,232,100,122,1
6,422,361,119,0
12,41,132,176,1
5,64,246,171,0
2,153,354,148,0
4,15,7,93,1
11,423,97,105,1
9,78,356,149,0
5,423,37,191,1
11,47,497,159,0
4,414,232,100,0
3,475,276,154,0
2,279,31,122,1
2,472,422,108,0
10,252,120,111,0
2,157,198,168,0
6,200,488,177,0
4,231,189,172,0
3,490,93,66,0
7,252,220,151,0
2,283,400,106,0
2,347,368,120,0
4,99,15,143,1
9,12,269,141,0
4,412,196,83,0
2,220,288,145,0
5,353,127,193,1
10,348,233,147,0
12,258,10,88,1
1,91,110,139,1
10,444,13,113,1
8,225,25,141,1
12,363,230,144,0
1,197,463,104,0
10,91,432,142,0
9,248,159,122,0
3,303,471,90,0
1,253,159,140,0
7,459,188,70,0
9,439,198,187,0
2,263,410,118,0
4,103,41,64,1
10,113,409,59,0
5,380,190,153,0
5,402,246,128,0
8,415,476,189,0
1,92,268,168,0
7,345,483,180,0
7,39,74,169,1
3,169,22,61,1
11,146,438,174,0
2,357,42,62,1
10,468,63,144,1
4,107,426,170,0
9,106,150,113,0
4,29,265,118,0
1,260,119,160,1
11,386,349,139,0
8,395,446,157,0
3,339,179,108,0
4,31,257,149,0
7,452,109,119,1
11,405,250,120,0
2,406,381,74,0
5,472,79,195,1
8,309,235,53,0
8,136,305,55,0
4,60,208,63,0
9,365,336,118,0
7,262,110,59,0
1,218,440,155,0
3,197,256,133,0
3,471,219,107,0
12,95,427,190,0
1,216,234,59,0
1,253,461,161,0
3,346,37,130,1
4,458,328,152,0
12,102,394,83,0
3,279,31,88,1
12,266,434,184,0
9,415,298,192,0
9,327,132,143,1
7,201,46,189,1
11,78,326,158,0
4,187,57,76,1
6,111,124,113,0
3,259,398,119,0
5,50,85,98,1
2,90,175,57,0
5,56,67,133,1
2,215,377,178,0
2,377,236,91,0
11,233,185,117,0
12,133,444,56,0
9,226,408,148,0
6,163,191,126,0
9,388,430,131,0
7,20,486,131,0
7,111,296,119,0
12,130,488,130,0
2,75,60,62,1
3,465,367,91,0
9,323,488,53,0
8,131,404,135,0
3,380,176,197,1
6,269,111,98,0
11,180,466,89,0
2,273,211,56,0
7,404,148,115,0
9,293,404,108,0
2,104,208,99,0
1,440,478,70,0
4,421,464,85,0
8,326,489,168,0
8,414,299,107,0
5,89,437,73,0
6,357,463,158,0
7,422,178,150,0
4,46,192,61,0
4,95,99,95,0
4,37,32,180,1
8,310,292,53,0
7,279,191,165,0
5,248,22,97,1
12,27,237,143,0
2,430,414,56,0
5,395,16,66,1
12,8,420,54,0
1,34,281,52,0
9,374,92,180,1
7,359,333,191,0
9,216,320,194,0
4,479,282,188,0
10,23,445,153,0
12,181,321,184,0
5,79,91,181,1
12,273,134,88,0
6,500,192,190,0
2,335,74,165,1
10,498,440,161,0
5,95,444,88,0
10,375,399,156,0
7,51,212,143,0
8,128,105,157,1
7,80,115,94,0
10,13,63,97,1
4,173,66,52,0
8,84,29,131,1
8,225,23,189,1
2,484,169,65,0
6,418,318,184,0
6,437,467,84,0
3,464,445,136,0
11,36,29,152,1
2,189,66,178,1
9,77,56,88,1
5,414,383,54,0
2,54,302,178,0
7,19,46,163,1
2,10,143,180,1
6,164,83,115,1
8,375,215,113,0
10,293,38,127,1
4,134,327,139,0
9,251,14,163,1
12,7,365,189,0
11,478,304,110,0
2,294,19,141,1
8,370,185,133,0
10,440,316,146,0
5,435,263,51,0
1,498,258,169,0
9,278,91,189,1
12,462,430,172,0
4,176,133,151,1
11,263,92,134,1
9,430,430,121,0
5,167,110,146,1
10,299,296,124,0
7,166,100,55,0
4,56,297,51,0
4,304,157,165,1
9,191,398,165,0
5,471,433,95,0
6,26,459,181,0
9,32,300,177,0
12,303,443,136,0
7,274,27,172,1
4,357,126,84,0
11,242,378,83,0
5,174,428,141,0
12,286,185,118,0
4,130,466,159,0
12,188,340,169,0
9,446,463,171,0
10,428,494,176,0
11,407,231,150,0
1,402,368,138,0
5,43,126,139,1
2,393,74,73,0
10,349,12,51,1
7,381,468,50,0
11,451,449,105,0
1,241,438,54,0
11,27,164,144,0
1,105,121,135,1
4,274,131,60,0
3,237,126,125,0
2,233,95,175,1
6,42,425,143,0
10,122,265,167,0
6,395,139,188,1
5,71,442,156,0
1,196,337,198,0
6,98,457,93,0
7,201,230,131,0
9,119,144,183,1
7,141,108,183,1
7,38,404,198,0
3,378,57,162,1
12,213,295,157,0
2,318,105,136,1
3,482,133,187,1
10,366,4,151,1
11,68,400,183,0
12,151,121,176,1
3,482,175,64,0
6,346,452,89,0
8,401,238,123,0
8,489,452,140,0
4,332,420,150,0
11,439,73,108,1
10,325,449,55,0
1,491,419,152,0
2,481,177,87,0
6,432,378,73,0
4,40,377,113,0
1,445,386,116,0
3,233,14,119,1
5,406,250,52,0
12,95,469,118,0
4,290,322,173,0
5,155,338,84,0
1,81,47,143,1
12,299,293,79,0
9,215,352,106,0
4,401,393,127,0
4,491,317,146,0
1,96,458,158,0
8,428,168,121,0
7,299,423,50,0
6,211,18,113,1
8,349,206,67,0
5,94,239,142,0
5,78,494,103,0
7,434,429,133,0
8,325,350,187,0
1,58,376,76,0
2,450,378,86,0
3,314,271,63,0
11,215,170,107,0
12,417,412,126,0
6,158,292,60,0
2,494,373,138,0
12,349,80,170,1
8,342,231,133,0
11,151,23,59,1
5,202,40,171,1
1,370,213,143,0
4,74,384,64,0
1,492,6,116,1
3,353,141,157,1
8,222,46,70,1
2,169,98,55,0
5,190,72,107,1
8,186,263,157,0
3,64,389,131,0
10,212,276,61,0
8,48,48,193,1
11,441,482,110,0
12,34,8,77,1
3,66,249,70,0
11,126,121,172,1
2,39,23,186,1
5,482,109,75,0
4,144,19,71,1
5,380,288,97,0
11,257,96,128,1
10,187,362,66,0
5,17,347,56,0
3,312,123,104,0
12,24,293,136,0
11,82,5,99,1
4,227,397,181,0
4,10,61,87,1
6,24,389,147,0
12,447,358,52,0
1,158,474,186,0
6,116,22,176,1
6,284,131,155,1
2,357,57,103,1
4,490,286,83,0
9,138,17,189,1
4,272,307,86,0
6,419,350,82,0
8,96,373,151,0
1,339,248,100,0
10,296,482,69,0
7,348,363,141,0
12,142,453,142,0
10,179,22,100,1
6,142,496,100,0
3,150,178,83,0
7,433,431,131,0
6,323,79,81,1
4,16,317,84,0
10,282,430,194,0
9,254,228,197,0
5,454,122,163,1
3,8,296,61,0
12,214,254,71,0
5,87,370,197,0
8,167,0,91,1
1,107,233,197,0
6,241,436,178,0
12,230,267,90,0
2,173,340,162,0
9,223,65,132,1
4,261,35,84,1
7,393,158,62,0
12,461,317,104,0
5,49,408,83,0
4,154,51,166,1
7,115,378,107,0
6,17,429,55,0
10,88,472,145,0
10,115,208,124,0
12,8,81,134,1
7,449,148,148,0
4,109,1,147,1
1,322,415,171,0
9,319,160,158,0
6,82,169,114,0
5,319,257,52,0
2,210,468,106,0
7,155,221,55,0
11,172,217,113,0
4,5,123,59,0
9,240,235,94,0
2,389,51,164,1
4,7,7,94,1
12,88,433,151,0
1,88,155,110,0
2,270,468,60,0
7,291,373,95,0
7,395,305,89,0
10,448,384,131,0
7,273,1,90,1
7,69,495,101,0
9,64,455,125,0
10,142,413,190,0
7,380,81,102,1
6,238,375,154,0
8,98,343,52,0
3,169,444,78,0
1,76,56,184,1
4,281,182,100,0
5,343,380,69,0
4,369,381,100,0
3,217,492,152,0
8,99,75,178,1
11,315,325,168,0
3,214,172,158,0
11,123,139,122,0
5,195,257,138,0
4,231,68,170,1
4,199,132,142,1
3,451,262,50,0
9,176,456,120,0
1,336,450,82,0
4,250,480,99,0
3,385,79,134,1
5,93,59,50,0
2,284,238,177,0
12,158,487,130,0
5,353,311,67,0
4,56,208,98,0
11,394,74,163,1
4,105,38,63,1
12,75,87,64,0
3,308,94,70,0
5,371,182,80,0
8,429,423,67,0
1,446,247,199,0
12,308,470,70,0
11,430,21,161,1
4,57,472,134,0
4,305,396,102,0
5,99,185,98,0
4,330,35,116,1
2,148,83,79,0
10,64,438,195,0
1,436,117,172,1
11,348,297,87,0
6,336,258,149,0
2,302,252,183,0
5,158,401,179,0
9,407,311,194,0
10,127,392,133,0
2,232,10,162,1
5,427,23,137,1
8,451,61,93,1
6,285,329,74,0
8,242,402,79,0
7,347,118,177,1
6,250,205,108,0
4,243,217,139,0
3,40,321,137,0
8,25,147,93,0
11,179,416,75,0
10,140,18,133,1
11,344,140,156,1
4,197,309,173,0
11,33,216,181,0
8,387,158,175,1
1,467,416,64,0
4,496,439,84,0
11,312,269,191,0
11,476,206,159,0
10,257,473,98,0
2,234,424,86,0
4,65,26,176,1
2,245,26,180,1
8,475,27,120,1
12,286,41,190,1
12,417,364,174,0
11,103,372,84,0
6,141,272,164,0
4,293,243,135,0
12,412,463,93,0
3,21,208,170,0
11,173,373,94,0
5,350,345,113,0
10,279,497,56,0
7,376,380,147,0
8,78,488,58,0
11,470,19,100,1
10,342,492,181,0
8,253,166,87,0
9,499,239,114,0
11,177,146,73,0
2,63,341,114,0
8,152,214,154,0
2,211,203,62,0
4,355,361,139,0
8,275,296,184,0
12,28,174,173,0
5,327,131,112,0
1,66,62,156,1
1,91,130,66,0
5,384,460,105,0
12,397,228,51,0
2,499,123,121,0
3,415,29,75,1
11,45,153,188,1
7,53,146,166,1
12,335,135,194,1
12,196,253,164,0
11,432,125,51,0
12,197,66,182,1
7,38,358,146,0
2,172,217,51,0
2,88,143,178,1
9,35,184,51,0
8,68,249,191,0
10,338,441,114,0
10,69,125,153,1
12,416,95,67,0
11,58,380,185,0
6,383,132,188,1
2,124,476,185,0
4,213,314,168,0
1,304,215,188,0
7,244,435,193,0
10,440,210,68,0
8,113,110,167,1
7,201,15,113,1
3,322,45,172,1
10,71,197,86,0
5,165,150,119,0
1,93,226,119,0
2,498,31,96,1
11,371,127,183,1
6,340,462,101,0
7,344,230,145,0
8,59,277,79,0
1,148,214,195,0
11,29,370,114,0
6,135,140,103,0
8,145,69,93,1
7,468,196,133,0
2,500,247,60,0
3,217,295,81,0
9,11,291,88,0
6,211,71,175,1
3,375,494,142,0
4,479,304,192,0
3,366,212,178,0
2,156,404,54,0
5,177,27,149,1
11,70,122,94,0
4,129,41,177,1
4,488,489,144,0
1,122,203,94,0
6,330,149,187,1
5,84,123,184,1
7,373,342,117,0
6,141,253,186,0
10,322,184,192,1
6,423,139,66,0
1,434,69,164,1
6,248,258,151,0
7,490,4,157,1
11,91,385,61,0
2,427,232,194,0
3,379,288,148,0
9,240,161,139,0
2,318,283,125,0
1,122,185,108,0
11,83,238,52,0
3,9,161,157,0
6,77,235,123,0
12,22,155,195,1
1,481,490,125,0
1,114,355,142,0
5,247,480,149,0
3,1,81,90,1
4,368,357,177,0
12,278,456,98,0
11,291,239,187,0
3,82,267,61,0
4,460,217,61,0
4,189,209,198,0
10,384,64,109,1
2,203,351,166,0
6,32,74,108,1
3,20,189,141,0
9,108,482,101,0
11,360,16,109,1
10,431,264,92,0
9,269,314,192,0
8,414,310,186,0
8,349,355,155,0
4,470,16,146,1
2,376,441,191,0
12,34,28,70,1
12,112,336,51,0
6,376,380,89,0
9,85,104,159,1
1,271,457,166,0
1,427,483,73,0
7,7,156,68,0
5,3,36,155,1
6,122,81,97,1
3,405,221,134,0
1,377,98,88,0
1,20,120,145,1
3,130,106,128,1
8,496,311,152,0
8,252,257,198,0
4,356,460,92,0
4,392,197,96,0
2,216,482,178,0
1,241,423,144,0
11,295,269,75,0
1,465,97,189,1
12,371,123,178,1
3,67,45,148,1
6,96,137,94,0
4,367,142,107,0
6,388,217,86,0
5,207,410,137,0
10,317,338,99,0
7,500,46,140,1
10,441,374,64,0
4,161,157,177,1
8,335,463,160,0
10,286,396,57,0
12,365,338,119,0
7,300,124,135,1
2,109,42,143,1
6,71,176,178,1
6,386,139,80,0
10,258,125,179,1
11,416,50,126,1
1,203,101,71,0
3,21,368,179,0
2,4,455,115,0
5,336,298,180,0
11,166,118,93,0
11,295,222,142,0
1,451,84,82,0
11,493,300,120,0
3,460,105,63,0
4,324,385,140,0
5,257,423,87,0
1,37,142,124,0
3,122,282,142,0
1,98,318,117,0
11,432,337,174,0
8,1,284,70,0
4,107,180,115,0
10,450,409,73,0
8,444,324,81,0
7,92,182,149,0
5,491,127,175,1
9,479,202,68,0
2,185,481,96,0
11,261,34,71,1
3,429,335,112,0
5,401,323,180,0
7,485,176,197,1
4,351,318,155,0
6,66,48,160,1
10,5,72,171,1
5,43,395,72,0
2,487,91,175,1
9,184,188,148,0
3,283,46,100,1
1,52,370,130,0
11,191,317,146,0
9,120,363,84,0
1,291,442,128,0
1,471,499,180,0
8,164,248,91,0
12,197,155,199,1
12,489,180,145,0
2,21,377,116,0
9,217,308,62,0
2,447,329,124,0
8,370,141,127,0
12,376,174,178,1
6,31,92,76,0
12,220,442,114,0
6,428,66,173,1
7,291,484,69,0
7,203,24,117,1
4,416,389,101,0
2,144,83,110,1
5,340,242,180,0
11,421,205,127,0
5,397,172,143,0
7,170,200,67,0
1,99,426,70,0
12,467,281,110,0
2,66,314,98,0
11,20,203,175,0
4,256,408,50,0
3,416,86,167,1
11,232,468,106,0
10,284,458,176,0
10,25,257,73,0
11,188,350,74,0
5,70,231,84,0
2,335,240,121,0
8,52,28,112,1
2,249,442,156,0
8,32,295,80,0
4,356,147,57,0
8,17,203,60,0
5,491,307,102,0
8,23,370,68,0
1,326,79,168,1
3,5,161,142,0
6,466,483,98,0
3,107,489,138,0
5,299,141,166,1
10,461,122,91,0
6,286,105,61,0
12,203,306,144,0
11,415,378,173,0
7,214,133,134,1
11,181,242,185,0
7,167,447,68,0
4,372,414,152,0
9,378,191,101,0
5,466,318,146,0
2,61,390,171,0
9,301,76,171,1
7,356,478,194,0
7,95,371,166,0
3,395,463,50,0
10,250,478,97,0
6,212,130,191,1
11,185,355,57,0
12,156,98,181,1
6,314,153,61,0
11,201,178,52,0
3,41,200,120,0
3,346,374,192,0
9,183,326,99,0
3,16,90,117,1
4,376,180,80,0
12,244,253,154,0
4,129,132,166,1
2,29,499,153,0
4,470,131,82,0
11,69,181,73,0
10,417,430,175,0
12,277,351,188,0
7,326,257,124,0
9,117,213,56,0
8,156,316,51,0
2,38,295,127,0
7,193,85,199,1
6,374,428,92,0
1,127,238,124,0
11,303,472,99,0
11,220,411,165,0
6,485,427,138,0
5,200,16,75,1
3,403,74,95,1
4,348,72,185,1
2,346,272,130,0
10,270,265,126,0
12,462,214,167,0
10,438,86,86,0
11,86,4,118,1
10,149,164,199,1
7,125,302,172,0
9,184,78,151,1
6,226,310,88,0
2,303,283,98,0
4,354,446,56,0
11,73,322,167,0
10,421,324,120,0
10,427,252,139,0
9,11,147,54,0
12,213,249,83,0
3,116,90,155,1
9,285,476,58,0
4,19,18,133,1
12,436,488,71,0
2,161,128,107,0
10,174,473,181,0
6,339,333,142,0
9,153,195,94,0
4,32,411,80,0
10,475,107,179,1
2,335,21,104,1
7,386,149,134,0
12,191,474,69,0
6,264,499,130,0
11,169,416,103,0
5,460,53,82,1
6,340,66,120,1
11,217,305,193,0
7,186,443,152,0
8,21,100,83,0
5,200,115,158,1
8,241,192,98,0
2,263,439,187,0
11,83,478,113,0
12,314,354,78,0
2,357,328,151,0
8,82,415,70,0
7,279,444,66,0
12,418,401,106,0
1,475,142,143,1
10,426,319,198,0
1,6,297,114,0
11,278,307,161,0
7,104,379,198,0
12,164,489,148,0
9,243,142,161,1
1,152,459,158,0
2,120,307,186,0
5,214,108,97,0
4,208,113,119,1
11,380,79,164,1
5,379,276,181,0
4,363,119,86,0
11,180,475,104,0
8,85,94,190,1
6,451,189,127,0
8,350,374,63,0
9,99,388,115,0
4,497,65,130,1
6,316,157,134,0
11,392,458,97,0
11,476,174,173,0
2,60,151,194,1
5,442,366,120,0
8,218,147,141,0
7,134,303,182,0
1,180,153,153,0
11,257,49,141,1
11,305,318,174,0
11,138,375,110,0
8,298,136,101,0
11,461,390,145,0
1,222,414,175,0
4,164,421,118,0
11,147,385,189,0
8,48,20,107,1
5,470,210,59,0
5,489,189,167,0
4,381,90,83,0
12,258,388,126,0
10,11,233,126,0
8,362,474,145,0
5,67,205,52,0
12,87,377,190,0
1,41,69,123,1
8,39,15,195,1
6,155,182,172,0
4,462,493,174,0
5,34,147,125,0
6,315,367,169,0
12,274,77,189,1
1,430,184,138,0
7,230,448,185,0
12,488,473,78,0
11,119,249,127,0
10,156,302,55,0
12,442,110,149,1
8,29,138,79,0
12,271,448,99,0
2,447,272,163,0
6,181,224,81,0
12,199,453,169,0
3,229,420,92,0
8,490,67,171,1
12,98,177,170,0
12,31,217,156,0
2,333,285,121,0
10,83,172,114,0
4,464,128,103,0
8,299,180,71,0
11,42,467,184,0
10,138,172,167,0
2,249,108,113,1
3,422,122,167,1
10,8,168,136,0
9,118,329,171,0
8,105,189,96,0
1,213,117,75,0
12,131,122,111,0
5,404,224,103,0
5,356,157,101,0
5,431,244,67,0
1,488,204,157,0
4,232,3,75,1
3,229,469,164,0
3,356,6,99,1
9,120,242,187,0
1,232,341,162,0
10,157,269,58,0
9,429,363,198,0
12,367,236,198,0
1,79,426,163,0
8,227,245,150,0
7,199,452,190,0
5,456,208,155,0
2,96,275,83,0
4,391,91,143,1
1,56,263,129,0
5,191,396,69,0
7,460,451,141,0
4,381,374,57,0
1,440,40,103,1
9,415,275,142,0
6,407,109,156,1
5,186,47,64,1
10,377,292,174,0
5,78,337,72,0
10,13,361,137,0
2,78,121,111,0
1,230,46,167,1
6,91,366,111,0
10,107,221,114,0
5,370,457,67,0
9,411,102,117,1
8,257,164,173,1
8,280,167,122,0
3,481,271,172,0
12,185,226,51,0
9,218,84,145,1
2,7,475,140,0
5,472,239,150,0
3,8,111,134,1
6,362,432,50,0
10,234,31,90,1
12,373,132,90,0
3,243,299,82,0
11,311,12,85,1
4,1,200,85,0
7,487,83,132,1
5,484,100,82,0
9,73,465,118,0
4,399,235,81,0
4,43,258,125,0
2,112,200,183,0
1,269,213,183,0
7,318,93,59,0
9,206,179,85,0
8,460,277,121,0
4,106,91,153,1
11,37,455,64,0
7,16,32,160,1
9,390,425,116,0
5,485,77,154,1
1,281,466,144,0
3,499,497,162,0
2,161,128,184,1
4,357,95,194,1
12,485,345,133,0
8,211,19,143,1
6,302,111,65,0
1,238,251,163,0
11,380,469,180,0
4,234,330,171,0
8,408,436,97,0
2,100,73,189,1
6,198,201,93,0
2,459,35,185,1
6,458,48,81,1
8,381,24,78,1
1,115,181,157,0
2,9,132,88,0
5,113,241,180,0
3,46,445,178,0
2,401,14,176,1
8,77,244,192,0
10,67,365,131,0
6,181,487,133,0
4,346,364,120,0
6,305,359,116,0
4,23,215,57,0
2,436,435,138,0
3,365,32,176,1
3,266,489,150,0
8,398,368,123,0
1,1,78,158,1
12,97,429,81,0
3,388,251,51,0
11,340,245,108,0
11,27,116,96,0
12,80,141,173,1
4,162,331,113,0
7,246,463,144,0
9,72,459,186,0
8,27,156,126,0
8,373,365,140,0
2,29,69,177,1
6,341,21,176,1
2,30,420,80,0
1,157,2,124,1
2,102,39,68,1
7,214,42,193,1
2,478,156,130,0
6,201,90,106,1
11,300,24,143,1
6,376,451,132,0
12,170,276,100,0
8,297,6,186,1
8,35,48,143,1
7,282,148,103,0
5,37,487,167,0
9,162,260,175,0
1,147,253,127,0
9,55,296,134,0
3,104,375,58,0
8,104,448,197,0
1,28,360,122,0
2,304,1,72,1
6,484,269,121,0
11,200,60,89,1
11,214,100,134,1
9,11,52,147,1
3,156,319,155,0
7,79,239,153,0
10,342,342,69,0
6,27,105,65,0
1,3,30,71,1
12,50,91,187,1
10,139,294,113,0
11,27,386,149,0
7,299,389,191,0
12,448,211,62,0
6,6,496,91,0
1,211,387,53,0
12,218,464,170,0
7,121,482,107,0
7,206,2,198,1
7,239,340,66,0
12,274,405,134,0
11,331,147,172,1
12,117,447,115,0
3,352,185,133,0
4,55,335,84,0
12,471,497,163,0
1,178,128,181,1
11,245,309,132,0
3,21,371,82,0
5,387,486,170,0
3,346,455,94,0
1,281,3,90,1
3,199,88,67,0
6,280,212,143,0
3,206,106,176,1
10,366,320,159,0
11,76,464,113,0
1,209,323,136,0
6,375,67,99,1
10,57,229,197,0
6,489,12,82,1
6,32,498,105,0
3,148,441,75,0
4,146,208,113,0
3,459,102,172,1
5,59,277,60,0
11,36,451,80,0
2,466,113,121,1
3,72,303,116,0
6,440,403,90,0
3,100,82,126,1
9,273,396,63,0
6,135,114,123,1
5,448,376,146,0
5,384,297,67,0
12,475,42,185,1
7,142,154,133,0
6,221,3,185,1
8,362,99,140,1
9,428,427,115,0
4,490,26,149,1
2,366,31,190,1
3,340,333,103,0
3,157,148,115,0
2,139,427,104,0
3,278,137,110,0
9,314,286,85,0
11,99,82,75,0
9,484,237,107,0
6,89,491,194,0
5,354,410,89,0
1,250,495,98,0
2,397,285,186,0
7,30,408,124,0
2,322,466,152,0
4,301,236,117,0
3,313,458,146,0
10,179,268,165,0
6,178,455,72,0
9,403,446,136,0
11,69,441,121,0
2,453,328,73,0
1,124,37,164,1
5,17,255,187,0
11,30,189,59,0
6,173,454,149,0
1,425,435,97,0
7,298,163,98,0
3,409,12,56,1
6,73,356,181,0
1,116,266,117,0
1,47,345,93,0
11,269,54,102,1
12,395,411,89,0
9,314,300,152,0
8,265,385,124,0
2,49,35,131,1
12,318,399,100,0
1,160,447,154,0
1,4,378,172,0
1,449,425,112,0
9,101,5,104,1
9,125,323,148,0
5,42,379,197,0
10,87,142,56,0
8,189,249,85,0
4,54,445,190,0
12,8,281,102,0
7,428,421,137,0
1,488,46,96,1
12,440,464,50,0
1,452,330,63,0
5,86,446,117,0
5,186,369,65,0
12,375,170,66,0
11,104,267,120,0
10,142,191,102,0
9,147,430,151,0
3,238,463,116,0
9,201,352,182,0
11,59,5,100,1
2,213,106,81,0
4,453,388,68,0
1,390,100,191,1
6,188,3,186,1
12,171,66,80,1
1,66,337,129,0
6,487,184,80,0
3,273,451,160,0
8,155,323,94,0
7,305,418,121,0
7,142,294,146,0
3,41,55,181,1
7,77,333,66,0
3,131,74,119,1
7,385,223,135,0
6,281,172,131,0
4,40,149,149,0
5,181,498,152,0
10,119,242,184,0
11,447,488,98,0
7,174,397,104,0
6,473,161,150,0
12,282,288,115,0
9,209,466,59,0
12,257,178,183,1
4,61,65,142,1
8,131,282,85,0
3,234,458,158,0
4,69,66,179,1
5,324,336,138,0
1,20,499,105,0
3,164,409,131,0
1,48,119,96,0
1,375,5,180,1
5,423,415,151,0
7,364,368,56,0
5,6,59,55,0
1,485,71,186,1
3,211,256,94,0
7,389,322,128,0
8,201,38,162,1
4,159,170,70,0
3,177,361,178,0
10,413,67,156,1
3,334,401,117,0
4,202,150,117,0
9,308,13,187,1
12,431,350,180,0
11,89,177,79,0
4,451,444,52,0
12,218,397,127,0
6,394,248,73,0
6,420,458,108,0
9,94,187,140,0
11,128,371,80,0
11,401,213,70,0
7,423,45,176,1
3,33,246,75,0
7,450,490,113,0
12,320,224,122,0
11,410,149,78,0
12,176,131,116,0
10,173,430,167,0
12,15,434,142,0
5,107,66,114,1
5,56,204,166,0
12,316,96,94,0
11,244,479,78,0
11,489,323,159,0
7,442,317,178,0
4,238,299,189,0
11,237,222,179,0
1,109,118,90,0
9,348,7,176,1
4,251,402,146,0
8,494,213,149,0
6,9,96,171,1
10,206,6,126,1
10,28,46,91,1
7,84,277,198,0
10,407,483,102,0
5,408,241,136,0
11,313,183,83,0
6,46,165,88,0
11,32,453,53,0
9,209,239,91,0
12,475,223,72,0
10,363,263,149,0
4,132,287,66,0
12,473,298,87,0
12,234,261,118,0
6,292,423,135,0
3,207,345,120,0
12,98,45,89,1
12,423,391,102,0
5,146,140,86,0
6,82,26,95,1
2,176,92,117,1
6,127,83,58,0
11,227,163,102,0
10,110,263,139,0
9,177,87,109,1
8,70,347,60,0
4,127,392,147,0
12,414,369,147,0
5,122,270,116,0
8,433,33,87,1
3,206,68,163,1
8,299,122,169,1
12,162,495,118,0
7,51,318,62,0
5,132,496,150,0
8,133,392,118,0
11,197,489,101,0
4,59,174,72,0
3,450,382,193,0
5,103,287,190,0
3,453,94,143,1
5,119,151,95,0
10,95,228,92,0
5,383,6,121,1
4,74,368,175,0
11,359,100,66,0
10,69,73,157,1
8,322,379,112,0
6,188,200,149,0
6,353,304,90,0
7,324,340,134,0
11,268,180,157,0
10,226,115,108,0
11,273,383,98,0
4,266,464,74,0
2,476,386,147,0
10,141,231,175,0
11,295,71,181,1
5,79,301,136,0
4,14,120,63,0
2,322,149,154,1
11,10,499,145,0
9,398,93,124,1
4,142,34,160,1
3,45,387,163,0
4,280,158,189,1
7,95,212,166,0
3,451,284,62,0
3,386,442,91,0
6,97,320,72,0
4,313,133,157,1
7,114,67,91,1
2,495,418,89,0
2,74,383,135,0
10,237,217,64,0
2,488,190,187,0
7,358,389,142,0
6,108,12,195,1
7,411,450,159,0
11,322,6,177,1
5,473,46,99,1
4,109,67,76,1
9,67,300,147,0
8,465,141,97,0
4,285,1,95,1
11,471,366,123,0
10,391,113,165,1
4,15,40,91,1
7,394,425,114,0
11,384,479,110,0
11,6,69,83,1
2,436,59,125,1
1,58,181,89,0
5,48,34,179,1
11,277,498,170,0
9,321,166,199,1
1,317,272,185,0
7,133,438,115,0
1,55,301,188,0
3,298,138,109,0
3,318,306,166,0
2,239,427,184,0
7,373,186,120,0
12,340,79,73,0
3,421,356,133,0
2,332,217,144,0
2,61,333,173,0
2,320,17,196,1
6,371,162,158,0
